Saket; 3,000 - 78,605 / sqft; 17,748 / sqft;-7%
Uttam Nagar; 1,250 - 38,000 / sqft; 21,829.6 / sqft;5.4%
Dwarka Mor; 1,200 - 14,000 / sqft; 11,684.39 / sqft;-
Paschim Vihar; 4,825 - 23,333 / sqft; 17,185.47 / sqft;-3.9%
Greater kailash 1; 13,514 - 78,566 / sqft; 35,575.43 / sqft;-15%
Safdarjung Enclave; 17,921 - 87,493 / sqft; 64,844.31 / sqft;-20.9%
Chattarpur; 2,500 - 76,782 / sqft; 17,498.94 / sqft;32.2%
Rohini sector 24; 5,556 - 15,556 / sqft; 12,896.94 / sqft;-61.6%
Defence Colony; 20,481 - 1,01,187 / sqft; 74,285.26 / sqft;21.8%
Greater Kailash; 4,444 - 62,500 / sqft; 50,481.56 / sqft;55.5%
Hauz Khas; 8,667 - 1,16,458 / sqft; 46,245.72 / sqft;14%
Pitampura; 3,960 - 30,000 / sqft; 24,486.96 / sqft;-8.5%
Vasant Vihar; 12,308 - 93,425 / sqft; 23,254.72 / sqft;-24.8%
Vasant Kunj; 3,385 - 84,219 / sqft; 28,259.4 / sqft;7%
Panchsheel Park; 16,667 - 1,18,765 / sqft; 52,921.67 / sqft;39.2%
Sector 19 Dwarka; 4,167 - 17,292 / sqft; 16,357.75 / sqft;-12.8%
Green Park; 16,667 - 20,000 / sqft; 20,000 / sqft;-9.3%
Panchsheel Enclave;-;-;26.2%
New Friends Colony; 8,571 - 20,238 / sqft; 16,349.14 / sqft;-21.3%
Sector 6 Dwarka; 4,667 - 18,500 / sqft; 14,801.18 / sqft;16.7%
Anand Niketan; 22,857 - 1,19,899 / sqft; 86,224.03 / sqft;113%
Sarvodaya Enclave; 88,889 / sqft; 88,889 / sqft;36.1%
Lajpat Nagar; 13,333 - 18,803 / sqft; 16,178.13 / sqft;-18.8%
Malviya Nagar; 4,923 - 17,500 / sqft; 15,431.39 / sqft;41.1%
Greater Kailash II; 14,444 / sqft; 14,444.44 / sqft;53.4%
Gulmohar park;-;-;-22.6%
Sector 12 Dwarka; 5,556 - 17,361 / sqft; 14,922.41 / sqft;-25.7%
Shanti Niketan; 23,840 / sqft; 23,840.18 / sqft;-39.3%
Sector 22 Dwarka; 5,625 - 17,143 / sqft; 15,902.88 / sqft;3.4%
Jor bagh; 62,500 / sqft; 62,500 / sqft;-
Geetanjali Enclave; 94,826 / sqft; 94,825.85 / sqft;30.9%
Sector 10 Dwarka; 1,305 - 17,188 / sqft; 14,913.69 / sqft;-
Golf Links; 1,36,717 / sqft; 1,36,717.2 / sqft;-
Sarvpriya Vihar; 11,250 - 55,898 / sqft; 33,574.12 / sqft;-11.7%
Maharani Bagh; 15,476 / sqft; 15,476.19 / sqft;239.9%
Sector 4 Dwarka; 6,750 - 14,500 / sqft; 14,98.44 / sqft;8.4%
Niti Bagh; 72,167 - 74,651 / sqft; 74,650.8 / sqft;-19.9%
Friends Colony;-;-;-
vikaspuri; 5,067 - 14,333 / sqft; 13,68.88 / sqft;3.4%
Sector 11 Rohini; 6,250 - 13,888 / sqft; 11,444.15 / sqft;-
Sunder Nagar; 1,30,270 - 1,30,271 / sqft; 1,30,270.66 / sqft;-
Sector-18 Dwarka; 6,111 - 20,526 / sqft; 15,763.19 / sqft;6.4%
Uday Park; 55,636 / sqft; 55,635.81 / sqft;-54.9%
Sector 11 Dwarka; 5,759 - 18,773 / sqft; 16,294.51 / sqft;-14.6%
Kalkaji; 5,714 - 44,444 / sqft; 18,280.55 / sqft;18.2%
Navjeevan Vihar; 65,453 - 65,525 / sqft; 65,524.61 / sqft;19%
Sector 8 Dwarka; 3,333 - 12,222 / sqft; 10,358.75 / sqft;-
Rajouri Garden; 6,977 - 14,444 / sqft; 11,710.82 / sqft;-34.3%
Sector 23 Rohini; 6,250 - 10,000 / sqft; 8,431.29 / sqft;26.5%
Govindpuri; 2,833 - 6,111 / sqft; 5,305.7 / sqft;-
Sector 25 Rohini; 10,278 - 12,500 / sqft; 11,388.89 / sqft;-
Sheikh Sarai; 4,259 - 28,736 / sqft; 16,39.47 / sqft;6.6%
Sector 5 Dwarka; 5,584 - 16,500 / sqft; 14,883.65 / sqft;11.3%
Preet Vihar;-;-;108.3%
East of Kailash; 2,667 - 16,216 / sqft; 11,255.65 / sqft;-47.6%
Sector 23 Dwarka; 4,940 - 15,000 / sqft; 13,175.25 / sqft;-17.4%
Sector 7 Dwarka; 4,321 - 12,500 / sqft; 12,340.84 / sqft;-28.6%
Sainik Farm; 2,778 - 1,17,693 / sqft; 55,737.22 / sqft;2.9%
Khanpur; 2,000 - 6,410 / sqft; 5,491.73 / sqft;5.8%
Burari; 2,078 - 7,500 / sqft; 5,862.33 / sqft;59.9%
Ghitorni; 1,250 - 1,01,272 / sqft; 47,312.41 / sqft;-11.1%
laxmi nagar; 3,194 - 7,477 / sqft; 6,787.63 / sqft;-16.3%
Sector 9 Dwarka; 5,469 - 15,000 / sqft; 14,123.79 / sqft;-12.3%
Shahdara; 1,000 - 11,304 / sqft; 9,75.02 / sqft;-31.8%
Patel Nagar; 4,590 - 40,000 / sqft; 16,816.34 / sqft;160.8%
Chittaranjan Park; 8,133 - 18,095 / sqft; 15,421.23 / sqft;-
Sector 22 Rohini; 6,818 - 16,363 / sqft; 10,984.17 / sqft;-
New Ashok Nagar; 2,714 - 59,259 / sqft; 18,152.08 / sqft;35.9%
Sector 3 Dwarka; 3,947 - 14,300 / sqft; 12,258.33 / sqft;-
Janakpuri; 3,017 - 15,926 / sqft; 13,685.01 / sqft;25%
Sector 13 Dwarka; 5,833 - 15,000 / sqft; 12,852.93 / sqft;27.7%
mayur vihar phase 1; 5,000 - 16,667 / sqft; 15,839.12 / sqft;7.3%
South Extension 2; 23,091 - 27,273 / sqft; 27,110.39 / sqft;-
Ramesh Nagar; 5,833 - 11,818 / sqft; 8,394.52 / sqft;-26.7%
Punjabi Bagh; 9,231 - 17,500 / sqft; 14,88.89 / sqft;-
Garhi; 8,923 - 13,333 / sqft; 13,333.33 / sqft;-
Bindapur; 3,056 - 7,297 / sqft; 6,707.63 / sqft;-63.2%
Shalimar Bagh; 8,529 - 19,331 / sqft; 14,676.01 / sqft;-10.2%
Naraina; 9,929 - 16,000 / sqft; 14,339.03 / sqft;-7.7%
Rajinder Nagar; 9,286 - 25,641 / sqft; 25,169.53 / sqft;-28.7%
Sarita Vihar; 5,833 - 15,758 / sqft; 13,657.87 / sqft;16.5%
Sector 2 Dwarka; 6,815 - 16,444 / sqft; 13,907.82 / sqft;-29.1%
Sector 21 Rohini; 4,750 - 8,978 / sqft; 6,34.06 / sqft;-
Subhash Nagar; 6,222 - 10,000 / sqft; 8,460 / sqft;-
Green Park Extension; 65,371 / sqft; 65,371 / sqft;-
West End;-;-;-
Hari Nagar; 5,538 - 9,500 / sqft; 8,258.58 / sqft;29.7%
Mehrauli; 2,056 - 10,571 / sqft; 9,326.77 / sqft;19.6%
Mahavir Enclave; 889 - 9,167 / sqft; 6,868.79 / sqft;-26.5%
Badarpur; 3,200 - 3,729 / sqft; 3,596.61 / sqft;50.6%
Rohini sector 16; 5,396 - 17,448 / sqft; 13,430.86 / sqft;-
Shivalik; 46,197 / sqft; 46,197 / sqft;24.8%
Dr Mukherji Nagar; 12,847 / sqft; 12,847.22 / sqft;-18.9%
Sector 26 Rohini;-;-;-
Sangam Vihar; 3,023 / sqft; 3,23.26 / sqft;136.4%
Khirki Extension; 3,750 / sqft; 3,750 / sqft;-5.8%
Jamia Nagar; 3,043 - 8,649 / sqft; 6,964.8 / sqft;-4.3%
Ashok Vihar; 5,899 - 17,500 / sqft; 15,873.85 / sqft;-24.3%
Shastri Nagar; 8,444 - 11,333 / sqft; 10,688.89 / sqft;-72%
Sector 28 Rohini; 1,000 - 12,143 / sqft; 9,160.09 / sqft;-
Tagore Garden Extension; 6,481 / sqft; 6,481.48 / sqft;-
Safdarjung Development Area;-;-;-
Palam; 4,400 - 17,333 / sqft; 10,671.71 / sqft;856.5%
Jaitpur; 23,611 / sqft; 23,611.11 / sqft;-
Sector 3 Rohini; 8,636 - 9,500 / sqft; 9,068 / sqft;-
Karampura; 5,000 - 30,628 / sqft; 24,52.7 / sqft;-22.8%
Sector 13 Rohini; 4,615 - 25,263 / sqft; 21,907.4 / sqft;7.7%
rohini sector 5; 4,000 - 6,667 / sqft; 4,962.96 / sqft;-
Jasola; 3,889 - 14,556 / sqft; 13,390.42 / sqft;-10%
Nawada; 3,375 - 5,556 / sqft; 5,266.44 / sqft;-
Model Town; 10,615 - 14,084 / sqft; 13,302.55 / sqft;401.3%
Dabri; 2,886 - 2,908 / sqft; 2,907.76 / sqft;33.1%
Mansarover Garden; 13,333 / sqft; 13,333.33 / sqft;-
Mansa Ram Park; 3,200 - 7,778 / sqft; 6,621 / sqft;-
Prithviraj Road; 59,601 / sqft; 59,601 / sqft;-
Matiala; 3,000 - 6,125 / sqft; 5,350.85 / sqft;-
Kirti Nagar; 13,462 / sqft; 13,461.54 / sqft;-7.4%
Malcha Marg; 1,25,009 - 1,37,631 / sqft; 1,37,631.49 / sqft;-
Lajpat Nagar III; 13,667 / sqft; 13,666.67 / sqft;-40.7%
Sector 9 Rohini; 6,364 - 38,710 / sqft; 24,648.38 / sqft;31.9%
Om Nagar;-;-;-
Shanti Park Dwarka; 6,746 - 8,547 / sqft; 8,162.69 / sqft;15.5%
dwarka sector 17; 5,946 - 13,158 / sqft; 10,951.17 / sqft;-7.3%
Mithapur;-;-;-
Sector 20 Rohini; 4,916 - 8,527 / sqft; 7,480.03 / sqft;-61.2%
Vikas Puri; 4,500 - 14,393 / sqft; 13,646.27 / sqft;-24.4%
Sector 18A Dwarka; 7,909 - 12,500 / sqft; 11,787.43 / sqft;-17%
Jangpura; 11,000 - 27,308 / sqft; 19,739.66 / sqft;-
Neb Sarai; 2,716 - 12,887 / sqft; 6,301.28 / sqft;-21.5%
Sector-7 Rohini; 8,200 - 8,636 / sqft; 8,636.36 / sqft;-
Aurungzeb Road;-;-;-
Katwaria Sarai; 4,737 - 17,500 / sqft; 11,205.88 / sqft;-
Karol Bagh; 14,776 - 27,917 / sqft; 22,703.45 / sqft;-1.6%
Tilak Nagar; 9,250 - 10,000 / sqft; 9,625 / sqft;78.8%
Najafgarh; 3,071 / sqft; 3,71.43 / sqft;9.1%
Rajpur; 4,861 - 5,233 / sqft; 5,034 / sqft;-
Badarpur Border;-;-;-
Gujranwala Town;-;-;14%
Sector 8 Rohini; 14,167 / sqft; 14,166.67 / sqft;-
Lajpat Nagar IV;-;-;-30.3%
Sector 4 Rohini; 3,371 - 11,333 / sqft; 8,323.18 / sqft;-
Sector-8 Dwarka;-;-;-39.4%
Ashok Nagar; 3,117 - 16,000 / sqft; 11,78.97 / sqft;41.3%
Okhla; 9,444 - 33,333 / sqft; 30,100.76 / sqft;210.8%
Patparganj; 3,673 - 20,910 / sqft; 17,410.97 / sqft;-27.2%
Anand Vihar; 6,457 - 6,667 / sqft; 6,666.67 / sqft;-22.4%
Krishna Nagar; 4,082 - 4,898 / sqft; 4,897.96 / sqft;-3.3%
Tughlakabad; 1,559 - 5,556 / sqft; 4,556.32 / sqft;-57.4%
Okhla Village;-;-;-
Sector 1 Dwarka; 2,801 - 13,810 / sqft; 11,642.17 / sqft;-5.3%
Moti Nagar; 4,308 - 24,286 / sqft; 18,820.63 / sqft;-5.6%
Jamia Nagar Batla House;-;-;-
Sector 24 Rohini; 6,400 - 15,385 / sqft; 10,782.21 / sqft;5.7%
SULTANPUR; 2,431 - 8,261 / sqft; 5,796.12 / sqft;13.2%
greater kailash Enclave 1; 4,500 - 18,788 / sqft; 18,164.04 / sqft;-
Uttam Nagar west; 2,975 - 3,333 / sqft; 3,333.33 / sqft;-25.7%
C R Park; 7,308 - 14,231 / sqft; 11,758.24 / sqft;18.6%
Rohini Sector 9; 9,167 - 28,089 / sqft; 23,204.61 / sqft;20.2%
Sector 6 Rohini; 10,447 - 12,554 / sqft; 11,500.82 / sqft;-
Tekhand Okhla Phase I;-;-;-
Madanpur Khadar;-;-;-
Babarpur; 2,994 - 5,714 / sqft; 4,354.15 / sqft;-
Badarpur Village;-;-;-
Jaitpur Extension;-;-;-
Jaitpur Extension Part II Khadda Colony;-;-;-
Batla House Jamia Nagar; 3,600 - 4,166 / sqft; 3,977.33 / sqft;-
DLF Phase 5; 5,965 - 18,154 / sqft; 18,46.56 / sqft;-
Khadda Colony;-;-;-
Khanpur Deoli; 2,600 - 4,250 / sqft; 3,856.19 / sqft;20.4%
Poorvi Pitampura; 25,138 / sqft; 25,137.74 / sqft;-
Govindpuri Extension; 5,111 / sqft; 5,111.11 / sqft;-
Mandakini Enclave; 11,875 - 15,067 / sqft; 14,751.72 / sqft;9.6%
Gautam Nagar; 10,000 - 17,778 / sqft; 14,464.65 / sqft;47.3%
Harkesh Nagar;-;-;-
Sector 17 Dwarka; 6,650 - 11,250 / sqft; 10,761.47 / sqft;-18.6%
Inderpuri; 7,222 - 13,333 / sqft; 13,333.33 / sqft;-62.1%
Mithapur Extension;-;-;-
Ismailpur;-;-;-
Kalindi Kunj Mithapur Road;-;-;-5.2%
Mundka; 3,407 - 5,333 / sqft; 4,851.5 / sqft;-33.3%
Nizamuddin East; 26,488 / sqft; 26,488.1 / sqft;-
Sector 14 Rohini; 10,000 - 21,212 / sqft; 19,460.93 / sqft;-
Tanki Road;-;-;-
IP Extension; 6,786 - 16,786 / sqft; 15,262.49 / sqft;-47.7%
South Extension Part 1;-;-;-
Roop Nagar;-;-;75.1%
Munirka; 12,174 - 44,444 / sqft; 17,882.58 / sqft;-1.8%
Sector 28 Dwarka; 3,385 - 8,632 / sqft; 8,70.08 / sqft;-5.9%
Abul Fazal Enclave Jamia Nagar; 2,777 - 7,222 / sqft; 5,466.75 / sqft;-
Molarband Village;-;-;-
Sadiq Nagar;-;-;-
Shaheen Bagh Jamia Nagar; 4,102 - 8,148 / sqft; 5,993.23 / sqft;-6.3%
East Patel Nagar;-;-;-
Mohan Baba Nagar;-;-;-
Tigri Colony;-;-;-
Sector 14 Dwarka; 4,000 - 12,698 / sqft; 9,773.02 / sqft;-44.1%
Sector 18B Dwarka; 7,916 - 11,368 / sqft; 11,130.24 / sqft;4.2%
Shadipur; 19,514 - 45,454 / sqft; 31,861.16 / sqft;-
Mayur Vihar; 6,667 - 22,258 / sqft; 15,499.23 / sqft;-
Mayur Vihar II; 6,800 - 15,714 / sqft; 11,542.45 / sqft;-
Tuglak Road; 1,29,457 / sqft; 1,29,457.44 / sqft;-
Ismailpur Road;-;-;-
Badarpur Extension Tajpur;-;-;-
Madanpur Khadar Village;-;-;-
Hastsal; 3,100 - 6,286 / sqft; 5,341.8 / sqft;17.3%
Talimabad;-;-;-
Tughlaqabad Village;-;-;-
Maidan Garhi; 3,889 - 5,830 / sqft; 4,963.55 / sqft;653.3%
Aali Village;-;-;-
Prem Nagar;-;-;-11.5%
Kaushambi; 4,333 - 5,800 / sqft; 5,800 / sqft;75.9%
Khanpur Krishna Park; 2,727 - 3,857 / sqft; 3,641.28 / sqft;23.2%
Pandav Nagar; 3,125 - 5,882 / sqft; 4,869.12 / sqft;-10.7%
Sector-17 Rohini; 5,833 / sqft; 5,833 / sqft;-
Bali Nagar; 9,500 / sqft; 9,500 / sqft;7%
Dilshad Garden; 2,450 - 18,462 / sqft; 10,618.17 / sqft;90.6%
Sagar Pur;-;-;-
Swasthya Vihar;-;-;-
Alaknanda; 11,728 - 15,667 / sqft; 15,159.09 / sqft;-
Devli;-;-;42.8%
Lajpat Nagar II;-;-;2.3%
Pushp Vihar;-;-;-
Sangam Vihar Road;-;-;-
Prahladpur;-;-;-
Sukhdev Vihar; 14,286 - 21,667 / sqft; 17,976.19 / sqft;16.8%
Tigri;-;-;2%
Moti Bagh; 14,583 / sqft; 14,583.33 / sqft;-
Khera Khurd; 2,111 - 8,824 / sqft; 6,194.48 / sqft;-
Vasundhara Enclave; 6,364 - 12,308 / sqft; 10,971.6 / sqft;-29.4%
Gagan Vihar Mithapur Extension;-;-;-
Bharat Vihar; 3,111 - 4,666 / sqft; 4,441.02 / sqft;-
Budh Vihar; 6,667 - 8,444 / sqft; 8,444 / sqft;-
i p extension patparganj; 7,143 - 13,333 / sqft; 10,625 / sqft;-17.7%
Jaitpur Kalindi Kunj Road;-;-;-
Sector 15 Rohini; 7,737 - 14,286 / sqft; 12,285.48 / sqft;-
Aya Nagar; 741 - 3,810 / sqft; 2,627.87 / sqft;-11.3%
Devli Nai Basti;-;-;-
Harijan Basti;-;-;-
Sewak Park; 3,091 - 6,667 / sqft; 4,833.25 / sqft;-7.1%
Sector36 Rohini;-;-;-
Devli Extention Deoli Gaon Nai Basti;-;-;-
Khanpur Colony; 3,684 / sqft; 3,684 / sqft;-
Babar Road;-;-;-
Madhu Vihar; 3,889 - 5,143 / sqft; 4,298.52 / sqft;-
Shaheen Bagh Jasola Vihar;-;-;-
Jawahar Park; 2,727 - 3,913 / sqft; 3,433.63 / sqft;46.2%
Vivek Vihar;-;-;69%
Basantpur;-;-;-
Mohan Baba Nagar New Delhi;-;-;-
Nizamuddin West;-;-;-
Tajpur Pahari Village;-;-;-
Ali Gaon;-;-;-
Dwarka Sector 15; 6,000 - 8,000 / sqft; 6,703.7 / sqft;-
Gyan Mandir Road;-;-;-
Kalkaji Govindpuri;-;-;-
Madanpur Khadar Extension;-;-;-
New Rajendra Nagar;-;-;-
Sector-B Vasant Kunj; 6,522 - 17,000 / sqft; 13,321.13 / sqft;-14.2%
Vijay Nagar;-;-;-22.2%
Vishwakarma Colony;-;-;-
Ali Vihar Sarita Vihar;-;-;-
Kalyan Vihar; 9,259 / sqft; 9,259.26 / sqft;-33.9%
Soami Nagar;-;-;-
Vasant Kunj Enclave;-;-;-
Bees Sutri Harijan Basti;-;-;-
DLF Farms; 5,394 - 7,143 / sqft; 6,746.03 / sqft;-
Uttari Pitampura;-;-;-
Yamuna Vihar;-;-;255.5%
Connaught Place; 40,789 - 77,273 / sqft; 64,147.24 / sqft;-25.1%
Ladosarai;-;-;-46.1%
Meethapur Palla Road;-;-;-
South Extension 1; 24,545 / sqft; 24,545.45 / sqft;-
Sundar Nagar;-;-;-
West Patel Nagar; 6,053 - 8,333 / sqft; 6,886.23 / sqft;-56.4%
Sector 16B Dwarka; 4,375 - 12,083 / sqft; 8,461.14 / sqft;-19.9%
Adarsh Nagar; 7,295 - 11,667 / sqft; 11,666.67 / sqft;-
Duggal Colony; 2,444 - 4,210 / sqft; 3,773.47 / sqft;-2.1%
Lajpat Nagar I; 11,111 / sqft; 11,111.11 / sqft;-
Mahipalpur; 3,555 - 4,848 / sqft; 4,636.36 / sqft;6.3%
Old Rajender Nagar;-;-;-
Razapur Khurd; 3,222 - 4,583 / sqft; 4,128.47 / sqft;-
Batla House Okhla;-;-;-
Ekta Vihar;-;-;-
Harsh Vihar;-;-;-
Hari Nagar Ashram; 5,143 - 6,222 / sqft; 6,132.28 / sqft;-
Jamia Millia Islamia;-;-;-
Molarband School Road;-;-;-
New Rajinder Nagar;-;-;-
Qutab Institutional Area;-;-;-
Shakurpur;-;-;-
Vishnu Garden; 4,500 / sqft; 4,500 / sqft;7.4%
Baljeet Nagar;-;-;-
Dakshinpuri;-;-;-
Madangir;-;-;-44.1%
Okhla Vihar; 3,838 / sqft; 3,838 / sqft;-9.9%
Deoli Khanpur;-;-;-8.6%
Gagan Vihar;-;-;-15.3%
Sector 1 Rohini; 6,173 / sqft; 6,172.84 / sqft;-
Shakti Vihar School Road;-;-;-
Wazirabad;-;-;-51.1%
Adchini;-;-;-
Begumpur Road;-;-;-
Bijwasan; 4,039 - 23,500 / sqft; 16,493.83 / sqft;-
Freedom Fighter Enclave; 4,210 - 4,794 / sqft; 4,794 / sqft;-22.7%
Nai Basti Delhi;-;-;-
Manglapuri; 2,900 - 8,250 / sqft; 7,351.67 / sqft;-
Fateh Nagar; 7,143 - 10,483 / sqft; 8,813.06 / sqft;-
Nangloi; 3,333 - 4,167 / sqft; 4,27.78 / sqft;-62.5%
Narela; 2,689 - 8,500 / sqft; 6,688.1 / sqft;-47.8%
Prashant Vihar Sector 14;-;-;-
Pur VIllage; 3,556 - 3,704 / sqft; 3,703.7 / sqft;-
Siri Fort; 7,391 - 33,333 / sqft; 25,110.89 / sqft;-
Sri Niwaspuri;-;-;-
Vrindavan Road;-;-;-
Zakir Bagh;-;-;-
Civil Lines; 9,436 - 36,364 / sqft; 22,257.19 / sqft;-27.8%
Bharthal; 5,238 - 8,400 / sqft; 6,922.79 / sqft;-
Govind Puri Giri Nagar;-;-;-
India Gate;-;-;-
Khanpur Village;-;-;-
Old Delhi; 5,636 - 14,184 / sqft; 13,308.99 / sqft;-
Raja garden;-;-;-
Surajmal Vihar;-;-;-18.9%
Kapashera; 3,118 - 4,286 / sqft; 4,76.53 / sqft;52.7%
Deoli Gaon Nai Basti; 2,573 - 3,368 / sqft; 3,017 / sqft;-
Hamdard Nagar;-;-;-
JJ Colony;-;-;-
Kalindi Kunj Road;-;-;-
Karawal Nagar;-;-;-
Lal Kuan Bazar;-;-;-
Mandawali; 7,500 - 11,818 / sqft; 11,818.18 / sqft;16.6%
Molar band Extension;-;-;-
Nehru Place;-;-;-
Sector 2 Rohini; 7,400 / sqft; 7,400 / sqft;-
Sector 37 Rohini; 3,000 / sqft; 3,000 / sqft;-
Sonia Vihar;-;-;-
Giri Nagar;-;-;-
Hauz Khas Enclave;-;-;-
Mayur Vihar Phase 3; 4,353 - 13,514 / sqft; 11,671.68 / sqft;-
Mohan Garden; 5,583 / sqft; 5,583.33 / sqft;-32.9%
Sector 23B Dwarka; 9,688 / sqft; 9,687.5 / sqft;-
Shakarpur Khas; 8,025 / sqft; 8,24.69 / sqft;-
Azadpur; 12,821 / sqft; 12,820.51 / sqft;-27.3%
Central Ridge Reserve Forest;-;-;-
Om Enclave Mithapur Extension;-;-;-
Sahibabad; 2,444 - 10,667 / sqft; 6,884.92 / sqft;-
Sector 18 Rohini;-;-;-
Sector 24 Dwarka; 5,000 - 7,381 / sqft; 6,737.31 / sqft;-15.9%
Shaheen Bagh;-;-;8.2%
Sriniwas Puri;-;-;-
Sudarshan Park; 5,897 / sqft; 5,897.44 / sqft;-
Zakir Nagar; 3,838 - 4,722 / sqft; 4,722 / sqft;21%
Chandni Chowk; 4,125 - 4,444 / sqft; 4,284.72 / sqft;-
Geeta Colony; 5,952 / sqft; 5,952.38 / sqft;-28.7%
Kailash hills;-;-;-17.6%
Mohan Cooperative Industrial Estate;-;-;-
Noida; 5,546 - 5,665 / sqft; 5,605.5 / sqft;-2.4%
param puri; 4,222 / sqft; 4,222.22 / sqft;-
Saket Road; 3,555 - 3,900 / sqft; 3,785 / sqft;-
Sector-29 Rohini;-;-;70.5%
Shakti Nagar;-;-;21.9%
B K Dutt Colony;-;-;-52%
Barakhamba Road;-;-;47.2%
Dhimar Mohalla Madanpur Khadar;-;-;-
Faridabad Road;-;-;-
Loni; 1,500 - 3,000 / sqft; 2,197.92 / sqft;-
Mathura Road Sarita Vihar;-;-;-
Okhla Industrial Area;-;-;-
Okhla Phase I;-;-;-
Prakash Mohalla;-;-;-
Rohini Extension; 2,786 - 15,556 / sqft; 6,116.89 / sqft;-
Tri Nagar; 6,673 - 10,769 / sqft; 10,512.82 / sqft;-
West Shalimar Bagh; 6,667 - 20,938 / sqft; 16,587.12 / sqft;-
Jaunapur; 3,374 - 3,778 / sqft; 3,676.79 / sqft;-
Amritpuri;-;-;70.2%
Chattarpur Enclave Phase 2; 3,703 - 4,074 / sqft; 4,55.5 / sqft;2.7%
Jangpura Extension;-;-;-
Jhil Mil Colony;-;-;-
Kailash Colony;-;-;-45.6%
Kamla Nagar;-;-;66%
Lalita Park;-;-;-
Mandoli;-;-;-
Sanjay Colony;-;-;-
Shiv Nagar;-;-;-
South Delhi;-;-;-26.7%
Vinod Nagar North;-;-;-
Sector 21 Dwarka; 4,375 - 12,500 / sqft; 8,673.35 / sqft;-
Ali;-;-;-
batla house;-;-;65.5%
Govindpuri Extension New Delhi;-;-;-45.9%
PANCHSHEEL VIHAR;-;-;-
Paryavaran Complex; 3,086 - 4,210 / sqft; 3,817 / sqft;-1.6%
Sector 16 Dwarka; 4,308 / sqft; 4,307.69 / sqft;-
Sector 35 Rohini; 4,167 - 4,286 / sqft; 4,285.71 / sqft;-
Sitapuri; 5,510 / sqft; 5,510.2 / sqft;-
West Punjabi Bagh;-;-;-12.1%
Sector 26 Dwarka; 6,707 - 6,996 / sqft; 6,943.34 / sqft;-4.5%
Ashram;-;-;-7.4%
Block WZ Basai Dara pur;-;-;-
Dwarka More; 1,000 - 9,529 / sqft; 5,264.57 / sqft;46.3%
Ganesh Nagar;-;-;-
Jamia Nagar Gaffar Manzil Extension;-;-;-
Kalkaji Extension;-;-;-12.5%
Kishangarh Village New Delhi; 3,333 / sqft; 3,333.33 / sqft;13.6%
Prem Nagar Road;-;-;-
Pul Prahladpur;-;-;-
R.K. Puram; 6,393 - 37,906 / sqft; 16,897.67 / sqft;-
Sanjay Colony Okhla Phase II;-;-;-
Sector 29 Rohini; 4,444 - 9,394 / sqft; 7,980.91 / sqft;-
Sector-D Vasant Kunj; 11,750 - 16,667 / sqft; 15,729.17 / sqft;-8.9%
Shakurbasti;-;-;-
Vasant Kunj Sector A; 6,111 / sqft; 6,111.11 / sqft;-
Mandi; 3,599 / sqft; 3,598.97 / sqft;-20.3%
Anand Lok;-;-;3918.3%
Dashrath Puri;-;-;-
duggal housing complex; 3,400 - 4,210 / sqft; 3,871.43 / sqft;-
Johripur;-;-;-
Lodhi Estate;-;-;-
Madangir Village;-;-;-
Pochanpur Colony; 8,788 - 11,333 / sqft; 10,60.61 / sqft;-
Raju Park; 4,560 / sqft; 4,560 / sqft;39.9%
Sabzi Mandi Old; 7,186 / sqft; 7,185.63 / sqft;-
Saraswati Vihar;-;-;-
Sidhartha Nagar; 8,056 / sqft; 8,55.56 / sqft;-
Tilak Marg;-;-;-
Ujwa;-;-;-
Uttam Nagar East;-;-;35.4%
Vani Vihar New Uttam Nagar;-;-;-
Ajmeri Gate; 2,425 / sqft; 2,425 / sqft;-
Batla House New Delhi;-;-;-6.3%
Chattarpur Enclave; 3,333 - 3,456 / sqft; 3,456 / sqft;16%
Chirag Dilli; 4,000 - 10,714 / sqft; 7,793.65 / sqft;-
Dakshin Puri;-;-;173.8%
Delhi; 20,000 / sqft; 20,000 / sqft;77.1%
Dera Mandi;-;-;-16%
DWARKA SEC 23;-;-;-40.6%
Gurgaon Delhi Expressway; 6,346 / sqft; 6,346.33 / sqft;-
IGNOU Road; 3,013 - 3,703 / sqft; 3,699.83 / sqft;-20.3%
Ishwar nagar;-;-;-
Jaffarpur Kalan;-;-;-
Jaitpur Extension Part II New Delhi;-;-;-
Khirki Extension Panchsheel Vihar;-;-;-
Lodhi Road;-;-;-
Mahavir Enclave Part 2; 4,724 / sqft; 4,724.41 / sqft;-
Nasirpur; 4,000 / sqft; 4,000 / sqft;-37.8%
Paharganj; 8,025 / sqft; 8,24.69 / sqft;-
Pul Pehlad Pur;-;-;-
Raj Nagar 2 Palam Colony;-;-;-5.5%
Raju Parak Extension; 5,556 - 6,111 / sqft; 6,111.11 / sqft;-
Ranjeet Nagar; 4,615 - 8,400 / sqft; 8,400 / sqft;-
Santnagar;-;-;-
Sarai Rohilla;-;-;-
Sat Bari;-;-;-
Sewa Nagar;-;-;-
Shaheen Bagh New Delhi;-;-;-
Shahpur Jat Village;-;-;-
Sriniwaspuri Extn;-;-;-
Sunlight Colony; 4,077 - 5,470 / sqft; 5,470.09 / sqft;-
West Patel Nagar Road;-;-;-
Chhawla; 7,333 / sqft; 7,333.33 / sqft;1.6%
Zone L Dwarka; 7,826 - 12,857 / sqft; 12,42.86 / sqft;-21.7%
Chandan Hola; 5,555 - 16,753 / sqft; 13,953.48 / sqft;-
Daheli Sujanpur;-;-;-
DDA Flats Kalkaji;-;-;-
Delhi Cantonment;-;-;-
Govindpuri Main;-;-;-
Jaitpur Extension Part II;-;-;-
Jharoda Majra Burari;-;-;-
Kalkaji Main;-;-;-
Khajoori Khas;-;-;-
Kohat Enclave;-;-;-
Mayur Vihar 1 Extension;-;-;-
Mehrauli Badarpur Road;-;-;-
Nilothi;-;-;-
Om Vihar;-;-;103.1%
Pushpanjali Farms;-;-;-
Qutab Enclave;-;-;-
Saboli;-;-;-
Samay Pur;-;-;-
Sector 20 Dwarka; 5,556 - 5,714 / sqft; 5,714.29 / sqft;-
Tara Nagar; 3,836 - 4,480 / sqft; 4,480 / sqft;-
AGCR Enclave;-;-;-68.6%
Ajay Enclave;-;-;-
Badarpur Mehrauli Road;-;-;-
Deenpur;-;-;-
Dhul Siras;-;-;-
DLF Ankur Vihar; 4,400 / sqft; 4,400 / sqft;-
Faridabad Gurgaon Road; 3,444 / sqft; 3,444 / sqft;-
Fatehpur Beri;-;-;-
Gagan Vihar Extension Gagan Vihar;-;-;-
Gokalpur;-;-;-
Gulabi Bagh;-;-;-
Haji Colony;-;-;-
Jogabai Extension New Delhi; 4,052 / sqft; 4,052 / sqft;-
Kalkaji Govindpuri Extension;-;-;-
Lajwanti Garden;-;-;-27.8%
Malcha;-;-;-
Mangolpuri;-;-;-
Mathura Road Jasola;-;-;-
Najafgarh Dhansa Road;-;-;-
Nangal Dewat;-;-;-
Palam Colony;-;-;-12.2%
Prashant Vihar;-;-;-10.7%
Rangpuri;-;-;-
Sainik Vihar; 13,235 / sqft; 13,235.29 / sqft;-
Shivalik Block B;-;-;-
Shyam Vihar Phase1;-;-;-
South Patel Nagar;-;-;-
Tihar Village;-;-;-
Tikri Kalan;-;-;-
Uttam Nagar Nanhey Park;-;-;-
Uttam Nagar Vani Vihar;-;-;-
Virender Nagar;-;-;21.2%
Vishwas Park;-;-;-
West Enclave; 10,748 - 17,500 / sqft; 14,124 / sqft;-
Trilokpuri; 15,357 / sqft; 15,357.14 / sqft;-
1 Lane Johri Farm; 4,444 / sqft; 4,444 / sqft;-
A1 Block Paschim Vihar Delhi; 8,888 / sqft; 8,888 / sqft;-
Ali Village;-;-;-14.5%
Anand Parbat;-;-;-92%
Bhogal; 8,182 / sqft; 8,181.82 / sqft;-
Block AP Poorvi Pitampura;-;-;-
Bolck B1 Mohan Cooperative Industrial Estate;-;-;-
Budh Vihar Phase I;-;-;-
Chanakya Puri;-;-;-
Dakshini Pitampura;-;-;-
Daya Basti;-;-;-
Dichaon Kalan;-;-;-
Dilshad Colony; 5,444 - 7,704 / sqft; 6,574.07 / sqft;109.8%
Dwarka More Mohan Garden;-;-;-
Gazipur;-;-;-11%
Gold Valley;-;-;-
Haiderpur;-;-;5.6%
Hemkunt Colony;-;-;-
Kalyan Puri;-;-;-
Kiran Garden;-;-;-
Kirari Suleman Nagar;-;-;-
Lok Vihar;-;-;-
Main Rajapuri Road;-;-;-
Malviya Nagar Block G;-;-;-
Masjid Moth Village;-;-;-
Mathura Road Badarpur;-;-;-
Mayur Vihar Phase 2; 8,117 - 8,500 / sqft; 8,308.5 / sqft;10%
Meera Bagh; 8,000 - 11,363 / sqft; 9,681.5 / sqft;-9.1%
Mohan Co operative;-;-;229.3%
Mukherji Park;-;-;-
Mukundpur;-;-;-
Najafgarh Road Industrial Area;-;-;34%
Nawada Uttam Nagar;-;-;-23.1%
New Mustafabad;-;-;-
Nirman Vihar;-;-;5484.5%
Okhla Vihar Block D;-;-;-
Palam Vihar Bijwasan Road;-;-;-
Qutub Vihar;-;-;-
Raja Puri;-;-;15.3%
Ramesh Park;-;-;-
Ratan Park Delhi;-;-;-
Sector 32 Rohini; 3,702 / sqft; 3,701.75 / sqft;-
Sector-14 Rohini; 11,031 - 29,310 / sqft; 20,170.46 / sqft;27.1%
Shiv Park;-;-;-
Sita Ram Bazar;-;-;-
South Ganesh Nagar Underpass;-;-;-
Sultan Puri;-;-;-
Tagore Garden;-;-;-51.9%
Uttam Nagar Jain Colony Part 1;-;-;-
Vinod Nagar East; 4,727 / sqft; 4,727.27 / sqft;-
West Sagarpur; 2,697 / sqft; 2,696.63 / sqft;-
Alipur Village;-;-;-
Amar colony;-;-;-
Amrita Shergill Marg;-;-;-
Arjun Nagar; 8,444 / sqft; 8,444.44 / sqft;33.8%
Ashok Vihar Phase-1;-;-;-
Aya Nagar Phase 5;-;-;-
Bakhtawar Pur Village;-;-;-
Bangali Colony West Sant Nagar;-;-;-
Bawana; 2,381 / sqft; 2,380.95 / sqft;-
Begam Pur;-;-;-
Ber Sarai; 8,621 / sqft; 8,620.69 / sqft;-
Bhagwati Vihar;-;-;-
Bhajanpura;-;-;-72.7%
Bharat Vihar Road;-;-;-
Bhatti Kalan;-;-;-
Bhola Nath Nagar;-;-;-
Bihari Colony;-;-;-
Block A1 Chattarpur;-;-;-
Block DP Poorvi Pitampura;-;-;-
Block MP Poorvi Pitampura;-;-;-
Block RP Poorvi Pitampura;-;-;-
Block SU Uttari Pitampura;-;-;-
Block TP Poorvi Pitampura;-;-;-
Chhattarpur Enclave Phase1;-;-;-
Chilla Sarda Bangar Delhi;-;-;-
CR Park Main Road;-;-;-
Dabri Extension;-;-;-
Derawal Nagar;-;-;-
devli export enclave;-;-;-8.9%
Double Storey New Rajinder Nagar;-;-;-
Dwarka Road;-;-;-
E 2 Vasant Kunj; 11,400 / sqft; 11,400 / sqft;23.3%
E Block Preet Vihar;-;-;-
East Punjabi Bagh Jaidev Park; 10,067 / sqft; 10,66.67 / sqft;-
Freedom Fighter Enclave Road;-;-;-
Freedom Fighters Enclave;-;-;-
Gandhi Vihar;-;-;-
Gharoli;-;-;-
Gole Market;-;-;-
Greater kailash enclave II;-;-;-
Ibrahimpur;-;-;-
Jahangirpuri;-;-;-
Jain Colony Delhi;-;-;-
Jangpura A;-;-;-
Jharoda Kalan;-;-;-
Kailash Enclave Harsh Vihar;-;-;-
Kalindi;-;-;-
Kalu Sarai;-;-;-
Kanhaiya Nagar Gali Number 2;-;-;-
Khandsa Colony;-;-;-
Khichripur;-;-;-
KHIRKI VILLAGE;-;-;-
Kishan Ganj;-;-;-
KMP Expressway;-;-;-
Kondli;-;-;-
Kotla Mubarakpur; 11,111 / sqft; 11,111.11 / sqft;-26.4%
laxmi nagar near metro station;-;-;-
Madhu Vihar IPExtension;-;-;-
Mahavir Enclave Bengali Colony;-;-;15.5%
Main Chhatarpur Road;-;-;-
Malka Ganj;-;-;-
Mandi House;-;-;-
Matiala;-;-;-
Mayapuri; 10,000 / sqft; 10,000 / sqft;-19.2%
Mittal Garden;-;-;-
Nangli Sakrawati;-;-;-
Naraina Village;-;-;-
New Rohtak Road Karol Bagh;-;-;-
ohkla industrial area Ph I;-;-;-
Pamposh Enclave;-;-;-
Paryavaran Complex Main; 4,000 - 4,500 / sqft; 4,500 / sqft;-
Pitampura KP Block;-;-;-
Pitampura Village Harsh Vihar;-;-;-
Prahlad Vihar;-;-;-
Prakash Mohalla Amritpuri;-;-;-
Presidents Estate;-;-;-
Pulpehladpur;-;-;-34.4%
Rani Bagh;-;-;-53.1%
Rithala;-;-;248.4%
Safdarjung;-;-;9.1%
santosh park;-;-;-
Sector 16 Rohini; 17,778 / sqft; 17,777.78 / sqft;-
Sector 16A Dwarka;-;-;-
Sector 27 Dwarka; 6,707 / sqft; 6,707.32 / sqft;-
Sector-16 Dwarka; 2,923 - 3,384 / sqft; 3,153.5 / sqft;67.8%
Sector-8 Rohini;-;-;-
SectorB Vasant Kunj;-;-;-
Shahdara Shri Ram Nagar;-;-;-
Sharda Puri; 8,969 / sqft; 8,968.61 / sqft;-
Sherpur;-;-;-
Shyam Nagar;-;-;-
Suraj Kund Badkhal Road;-;-;-
Suraj Vihar;-;-;20.6%
Tigri Road;-;-;-
Transit Camp;-;-;-
Uttarakhand;-;-;-
Vaishali; 4,602 / sqft; 4,602 / sqft;79.9%
Vigyan Vihar;-;-;-
Vishwas Park Extn Jain Colony;-;-;-
Westend;-;-;-70.2%
Westend DLF Chattarpur Farms;-;-;-
Yamuna Vihar Road;-;-;-
Zone P II;-;-;-58.1%
144 Sector B Road;-;-;-
168 Sector 13 Main Road; 5,291 / sqft; 5,291.48 / sqft;-
81 Noida Link Road;-;-;-
90 Sector 21 Road; 4,815 / sqft; 4,814.81 / sqft;-
A4 Block Paschim Vihar;-;-;-
Abul Fazal Enclave I; 4,000 / sqft; 4,000 / sqft;-
AD Block Pitampura;-;-;-
Ajay Enclave Extension;-;-;-
Alipur;-;-;-7.4%
Ambience Island DLF Phase 3; 19,316 / sqft; 19,316.07 / sqft;-
Ambika Enclave; 4,571 / sqft; 4,571 / sqft;-
Aradhna Enclave;-;-;-
Arpan Vihar Colony;-;-;-
Asaf Ali Road;-;-;341.6%
Ashok Vihar Phase-2;-;-;-
Aya Nagar Bandh Road;-;-;-
Aya Nagar Extn;-;-;-
B 5 Block;-;-;-
B1 Block Paschim Vihar;-;-;-
Bada Hindu Rao Road;-;-;-
Bahapur;-;-;-
Bakkarwala;-;-;-
Balbir Nagar Extension;-;-;-
Baljit Vihar;-;-;-
Bamnoli Dwarka Sector 28;-;-;-
Bamnoli Sector 28 Dwarka;-;-;-
Baprola;-;-;-
Basai Dara pur;-;-;-
Basantpur Road;-;-;-
Begampur Extension;-;-;-
Begampur Park;-;-;-
Bengali Colony Mahavir Enclave Part 1;-;-;-
Bhalswa;-;-;-
Biharipur;-;-;-
Bijwasan Railway Station Road;-;-;-
Block A Sector 8 Dwarka;-;-;-
Block B Pochanpur;-;-;-
Block C Vishwas Park; 5,000 / sqft; 5,000 / sqft;-
Block CU Uttari Pitampura;-;-;-
Block E Lajpat Nagar I;-;-;-
Block E Pandav Nagar Road;-;-;-
Block ND Dakshini Pitampura;-;-;-
Block PP Poorvi Pitampura;-;-;-
Block RU Uttari Pitampura;-;-;-
Block WP Poorvi Pitampura;-;-;-
Block ZP Poorvi Pitampura;-;-;-
Chanakya Place;-;-;-
Chanakya Place I;-;-;-62.3%
Chandan Vihar;-;-;-
Chandra Park;-;-;2.6%
Chatesar;-;-;-
Chattarpur Mandir Road;-;-;-
Chhatarpur Enclave Phase 2;-;-;-
Chhatarpur Extension;-;-;-
Chilla Sarda Bangar Chilla Sarda Bangar Village;-;-;-
Chirag enclave;-;-;-
Dal Mill Road;-;-;-
Dasghara;-;-;-
Dayalpur Extension;-;-;-
Deepali;-;-;-
Delhi Gurgaon Expressway;-;-;16%
Delhi Haridwar Road; 3,594 / sqft; 3,593.75 / sqft;-
Delhi Metro Blue Line;-;-;-
Delhi Race Club;-;-;-
Dev Nagar;-;-;-
Dhaula Kuan;-;-;-
Dhirpur;-;-;-
DLF City Phase 1;-;-;-
DLF City Phase 3 Road;-;-;-
Dwarka Mor Vipin Garden Extension; 3,989 / sqft; 3,988.6 / sqft;-
Dwarka sec 6;-;-;-1.4%
dwarka sec3;-;-;-
Dwarka Sector 7;-;-;-2.9%
East Guru Angad Nagar;-;-;-
East Vinod Nagar;-;-;-
Engineers Enclave Harsh Vihar;-;-;-
Friends Colony West;-;-;-
FU Block Uttari Pitampura;-;-;-
Gadaipur Bandh Road;-;-;-
Ganga Ram Vatika;-;-;-
GH 13; 11,200 / sqft; 11,200 / sqft;-
GH9 Block; 8,526 / sqft; 8,526 / sqft;-
Ghevra;-;-;-
Gobindpuri;-;-;-
Gopal Nagar;-;-;-
Goyla Dairy;-;-;-
GTB Nagar;-;-;-
Gurgaon Faridabad Road;-;-;-
Guru Harkishan Nagar;-;-;-
Guru Ram Dass Nagar; 6,500 / sqft; 6,500 / sqft;-
Haibutpur;-;-;-
Hardev Nagar Street;-;-;-
Hari Singh Park;-;-;-
Indraprasth Colony;-;-;-
Ishwar Colony;-;-;-
Islampur;-;-;-
Jagatpuri;-;-;285.7%
Jai Vihar Najafgarh Road;-;-;-
Jain Park Om Vihar Extension;-;-;-
Jaipur Road;-;-;-
jangpura bhogal;-;-;-
Jangupura Extension;-;-;-
Jhajjar Road;-;-;-
Jia Sarai;-;-;-
Jyoti Nagar West;-;-;-
Kapil Vihar;-;-;-
Karnal Bypass;-;-;39%
Kashmere Gate;-;-;-
Kasturba Gandhi Marg;-;-;-
Keshavpuram;-;-;-
Kewal Park;-;-;-
KG III;-;-;-
Khajuri Khas; 4,194 / sqft; 4,193.55 / sqft;-
Khampur Village;-;-;-
Kirti Nagar Industrial Area;-;-;-
Kishangarh Village;-;-;-
Kondli Extension;-;-;-
Kondli Gharoli;-;-;-
Kotla Village;-;-;-
Krishna Park Jawahar Park;-;-;-
Lajpat Nagar Vinoba Puri;-;-;-
Laxmi Vihar; 5,019 / sqft; 5,19.31 / sqft;-
Lodhi Colony;-;-;-
Loni Gol Chaker Flyover;-;-;-
Madanpur Dabas;-;-;-
Madipur;-;-;-
Mahavir Enclave II & III;-;-;-
Mahavir Enclave Nanda Block;-;-;-
Mahipalpur Village;-;-;-
Main Mathura Road;-;-;-
Majlis Park;-;-;-
Mall Road;-;-;-
Manak Vihar Extension;-;-;-
Mansarovar garden;-;-;-59%
masoodpur;-;-;-
Mayur Vihar I Extension;-;-;13%
Mayur Vihar Phase II Pocket B; 7,037 / sqft; 7,037 / sqft;-
Meenakshi Garden;-;-;-
Meet Nagar;-;-;-
Mehram Nagar; 6,800 / sqft; 6,800 / sqft;-
Mirpur Turk;-;-;-
Mohammadpur Majri; 4,444 / sqft; 4,444 / sqft;-
Multani Dhanda;-;-;-
Najafgarh Bahadurgarh Road;-;-;-
Nanak Heri Village; 11,105 / sqft; 11,104.62 / sqft;-
Nangal Raya;-;-;-
Nangli Dairy;-;-;-
Nangloi Najafgarh Road;-;-;-
Narela Mandi;-;-;-
Nasirpur Road; 5,419 / sqft; 5,419.35 / sqft;4.7%
Naveen Palace;-;-;-
Nawada Extension;-;-;-
Nehru Nagar;-;-;-
Nehru Vihar;-;-;-
New Friends Colony East;-;-;-
New Krishna Nagar;-;-;-
New Manglapuri; 7,874 / sqft; 7,874.02 / sqft;-
New Modern Shahdara;-;-;-
New Moti Bagh;-;-;-
New Palam Vihar Phase 2;-;-;-
New Roshanpura;-;-;-
Nirmal Vihar;-;-;-
Old Seelampur;-;-;-
Om Vihar Phase 5;-;-;-
Padam Nagar; 7,374 / sqft; 7,373.74 / sqft;-
Pahar Ganj; 2,600 / sqft; 2,600 / sqft;-
Palam Village;-;-;-
Parshwapuram;-;-;-
Paschim Vihar A 1 Block; 8,235 / sqft; 8,235 / sqft;-
Paschim Vihar Main; 10,952 / sqft; 10,952 / sqft;-
Patel Garden;-;-;-
Peeragarhi Village;-;-;-
Phase II Udyog Vihar;-;-;-
Pitampura Block NP;-;-;-
Pocket A Sector 17 Dwarka;-;-;-
Pratap Nagar;-;-;-
Priyadarshani Vihar;-;-;-
Punjabi Bagh Extension;-;-;-
Pusa;-;-;-
Puth Khurd Village;-;-;-
Puthkhurd;-;-;-
Qutub Vihar I;-;-;-
R Block Rajender Nagar Part 1;-;-;-
Radhey Puri;-;-;-
Raghu Nagar;-;-;-
Raj Nagar Extension;-;-;-
Rajdhani Park;-;-;-
Rajokri;-;-;-
Rama Park;-;-;16.5%
Rama Park Block B;-;-;-
Rameshwar Nagar;-;-;-
ramphal chowk;-;-;5.2%
Rana Pratap Bagh;-;-;71.2%
Rani Khera;-;-;-
Rashid Market;-;-;-
Rawta More;-;-;-
Rishabh Vihar Karkardooma;-;-;-
Sadar Bazaar;-;-;-
Sadh Nagar II;-;-;-
Safdarjung Enclave Block A 2;-;-;-
Sagarpur;-;-;-
Sainik Nagar Mansa Ram Park;-;-;-
Saiyad Ul Ajaib Extension;-;-;-
Samalkha;-;-;-
Sandesh Vihar; 18,518 / sqft; 18,518 / sqft;-
Sanjay Gandhi Transport Nagar;-;-;-
Sanjay Nagar;-;-;-
Sant Nagar Extension;-;-;-
Satyawati nagar;-;-;-
Savitri Nagar;-;-;-
Savitri Nagar Village;-;-;-
Sawan Park;-;-;-
Sector 30;-;-;-
Sector 31 Rohini;-;-;-
Sector 34 Rohini;-;-;-
Sector 39 Rohini;-;-;-
Sector 5 Rohini;-;-;-
Sector 6;-;-;1.1%
SECTOR 7 DWARKA NEW DELHI;-;-;63.9%
Sector 7 Jasola Vihar; 9,760 / sqft; 9,760 / sqft;-
Sector 7G;-;-;-
Sector17 Rohini;-;-;-
Sector20 Rohini;-;-;-
Sector24;-;-;-
Sector7 Rohini;-;-;-
Seelampur;-;-;-
SFS Flats Saket;-;-;-
Shadipur Metro Station;-;-;-
Shahabad Daulatpur Village;-;-;-
Shahabad Mohammadpur; 4,867 / sqft; 4,866.67 / sqft;-
Shaheed Bhagat Singh Colony;-;-;-
Shakarpur;-;-;-7.4%
Shalimar Bagh BH Block;-;-;-
Shalimar Garden;-;-;1.6%
Shanti Nagar; 4,356 / sqft; 4,356.44 / sqft;-
Sheikh Sarai Phase2 New Delhi;-;-;52.7%
Shiv Kunj;-;-;-
shiv vihar;-;-;-
Shivaji Enclave;-;-;109.1%
Shivalik Colony;-;-;-
Siddharth Enclave; 12,857 / sqft; 12,857.14 / sqft;10.4%
Siddhartha Extension; 14,118 / sqft; 14,117.65 / sqft;-
Siraspur;-;-;-
Sonia Vihar Pushta Road;-;-;-
Srinagar Garden; 8,333 / sqft; 8,333.33 / sqft;-
Subhadra Colony;-;-;-
Subzi Mandi;-;-;-
Sukhbeer Nagar;-;-;-
Sunder Vihar;-;-;-
Surya Nagar;-;-;-
Swami Nagar;-;-;-
Tarun Enclave;-;-;-
Teliwara;-;-;-
Tronica City Road;-;-;-
Tughlak Road Area;-;-;-
Udyog Vihar III;-;-;-
Vaishali Dakshini Pitampura;-;-;-
Vasant Enclave;-;-;-
Vigyan Lok;-;-;-
Vijay Enclave;-;-;-
Vikas Nagar Extn;-;-;-
Vikram Nagar;-;-;-
Vikram Vihar Lajpat Nagar IV;-;-;-
Vipin Garden;-;-;-
Vishwas Nagar;-;-;-8%
Vivek Vihar II;-;-;-
Ward No 2 Lakhi Nath Kuti;-;-;-
Wazirpur Industrial Area;-;-;-
West End Greens;-;-;-
West Rohtash Nagar;-;-;-
West Sant Nagar;-;-;-
Yamuna Road;-;-;-
Yojna Vihar;-;-;-
Delhi Cantt;-;-;-2.2%
1 Palam Village Road;-;-;-
10 Dwaraka Marg;-;-;-
10 Dwarka Sector 9 Road;-;-;-
10 Sector Dwarka;-;-;-
100 Feet Road;-;-;-
102 Sector 21 Road;-;-;-
103 Sector 21 Road;-;-;-
103 Sector Road;-;-;-
105 Sector 22 Road;-;-;-
106 Sector 22 Road;-;-;-
107 Sector 23 Road;-;-;-
109 Sector 21 Road;-;-;-
110 Sector 22 Road;-;-;-
110019 College Lane;-;-;-
119 Sector 6 Road;-;-;-
12 Westend Marg;-;-;-
127 Sector 23 Road;-;-;-
137 Sector 13 Main Road;-;-;-
149 Sector 22 Road;-;-;-
150 Sector Road;-;-;-
164 Sector Road;-;-;-
183 Mathura Road;-;-;-
19 Sector 12 Road;-;-;-
19 Sector 13 Main Road;-;-;-
2 Dwarka Sector 16 Main Road;-;-;-
2 Palam Village Road;-;-;-
22 Sector 13 Main Road;-;-;-
25 Feet Road;-;-;-
27 Greater Kailash 1 Road;-;-;-
3 Dwarka Sector 9 Road;-;-;-
34 b Golden Enclave;-;-;-
4 Dwarka Sector 9 Road;-;-;-
4 Greater Kailash 1 Road;-;-;-
4 Sector 4 Road;-;-;-
40 Feet Road;-;-;-
40 Sector 21 Road;-;-;-
43 Sector Road;-;-;-
45 S Block Road;-;-;-
45 Sector 21 Road;-;-;-
46 Sector 23 Road;-;-;-
47 Sector 22 Road;-;-;-
48 Sector 22 Road;-;-;-
5 Delhi Gate Main;-;-;-
51 Sector 21 Road;-;-;-
52 Park Road;-;-;-
52 Sector Road;-;-;-
55 Sector 13 Main Road;-;-;-
55 Sector 21 Road;-;-;-
55 Sector Road;-;-;-
59 Sector 22 Road;-;-;-
595 Parmanand Colony West;-;-;-
6 Sector 13 Main Road;-;-;-
60 Feet Road;-;-;-
62 Noida Bridge;-;-;-
65 Sector 22 Road;-;-;-
65 Sector Road;-;-;-
67 Sector 22 Road;-;-;-
72 Sector 23 Road;-;-;-
75 Noida Road;-;-;-
75 Sector 22 Road;-;-;-
76 Noida Road;-;-;-
77 Sector 6 Road;-;-;-
78 Sector 6 Road;-;-;-
79 Mathura Road;-;-;-
79 NH 48;-;-;-
79 Noida Link Road;-;-;-
79 Sector 23 Road;-;-;-
82 Sector 22 Road;-;-;-
85 Sector 22 Road;-;-;-
86 Sector 21 Road;-;-;-
87 Sector 23 Road;-;-;-
88 Sector 22 Road;-;-;-
89 Sector 21 Road;-;-;-
89 Sector 22 Road;-;-;-
91 Sector 23 Road;-;-;-
92 Sector 22 Road;-;-;-
93 Sector 23 Road;-;-;-
94 B Block Road;-;-;-
944 B Block Road;-;-;-
95 Sector Road;-;-;-
A 1 Block;-;-;-
A 2 Block;-;-;-
A 3 Block;-;-;-
A 5B Block;-;-;-
A 6 Block;-;-;-
A Block;-;-;-
A Block JJ Colony;-;-;-
A Block Road;-;-;-
A z a d Nagar Road;-;-;-
A1 Block Road;-;-;-
A2 Janak Puri;-;-;-
A5 Block;-;-;-
Aakash Vihar;-;-;251.5%
Aaya Nagar;-;-;256.8%
ABlock;-;-;-
ABlock Main Road;-;-;-
Abul Fazal Enclave;-;-;-35.7%
Abul Fazal Enclave II New Delhi;-;-;-
Abul Fazal Enclave New Delhi;-;-;7.8%
Abul Fazal Enclave Part 2 Jamia Nagar;-;-;-
Abul Fazal Enclave Part 2 New Delhi;-;-;-
Abul Fazal Part II;-;-;-
Abul Fazal Road;-;-;-
AC Block Shalimar Bagh;-;-;-
AD Block Shalimar Bagh;-;-;-
Adarsh Enclave;-;-;-
Adarsh Nagar Extension;-;-;-
Adhchini;-;-;1648.3%
Adhchini Village;-;-;-
Adhchini Village Road;-;-;-
Adhyapak Nagar;-;-;-
Adhyapak Nagar Delhi;-;-;-
Aditi Apartments;-;-;-
Aerocity;-;-;-
Aerocity New Delhi;-;-;-
Agar Nagar;-;-;-
Ahinsa Vihar Road;-;-;-
Ahinsha Enclave;-;-;-
AIIMS Campus;-;-;-
Air India Colony;-;-;-
Airforce Station;-;-;-
Ajit Nagar;-;-;-
Ajit Vihar;-;-;-
Ajit Vihar Burari Garhi;-;-;-
Ajmeri Gate;-;-;-98.1%
Akbar Pur Mazra;-;-;-
Akbarpur Majra;-;-;-
AKSHARDHAM;-;-;-25.9%
Akshardham Road;-;-;-
Akshardham Temple;-;-;-
Alaknanda DDA Flats Road;-;-;-
Alaknanda Gangotri Enclave;-;-;-
Alampur;-;-;-
Aligarh;-;-;-
Aman Vihar;-;-;-
amar colony e block;-;-;-
amar colony market;-;-;-
Amar Vihar;-;-;-
Ambadeep Building;-;-;128.3%
Ambedkar Nagar;-;-;316.3%
Ambedkar Place;-;-;-
Amber Hai;-;-;-
Ambica Vihar;-;-;-57%
Ambika Enclave Delhi;-;-;-
Ambrahi Village;-;-;-
Amrit Puri Block B;-;-;-
Anand Kunj;-;-;-
Anand Nagar Laxmi Nagar;-;-;-
Anand Parbat Industrial Area;-;-;-
Anand Vihar C Block Road;-;-;-
Anant Ram Dairy;-;-;-
Anarkali Colony;-;-;-
Anarkali Colony North;-;-;-
Anarkali Colony South;-;-;-
Anarkali Colony South Anarkali Colony;-;-;-
Andheria Mor Village;-;-;-
Andrews Ganj;-;-;-
Ankur Enclave;-;-;-
Ansal Satbari;-;-;-
Ansal Villas;-;-;-
Ansari Nagar East;-;-;-
Ansari Nagar West;-;-;-
Ansari Road;-;-;-
Antriksh Bhawan;-;-;-
Anup Nagar;-;-;-
Anup Nagar Delhi;-;-;-
Anupam Garden 10th Lane;-;-;-
APB Garhi;-;-;-
Arakashan Road;-;-;-
Aram Park;-;-;-
Aram Park;-;-;-
Arihant Nagar;-;-;-
Arjan Garh;-;-;-
Arjun Gali;-;-;-
Arjun Park;-;-;-
Arjun Park Main;-;-;-
Arjun Vihar;-;-;-
Arsiwalla Villa;-;-;-
Arya Nagar;-;-;-
Arya Nagar Road;-;-;-
Arya Pura;-;-;-
Asalatpur Khadar;-;-;-
Asalatpur Village;-;-;-
Asha Park;-;-;-
Ashirwad;-;-;-
Ashok Nagar Extension;-;-;-
Ashok Nagar Mandoli;-;-;-
Ashok Vihar II;-;-;-
Ashok Vihar Phase 1 Road;-;-;-
Ashok Vihar Phase 3;-;-;-
Ashoka Niketan;-;-;-
Ashoka Road;-;-;-
Ashram New;-;-;-
Asiad village;-;-;-
Asian Games Village Complex;-;-;-
Asian Highway 2;-;-;-
Asola;-;-;-
Asola Extention;-;-;-
Asola Farm Road;-;-;-
Asola Farms;-;-;-
Asola Wild Life Sanctuary;-;-;-
Auchandi;-;-;-
Aurbindo;-;-;-
Aurobindo Marg;-;-;-
Avantika Delhi;-;-;-
Avantika New Delhi;-;-;-
Avantika Sector 1;-;-;-
Avatar Vihar;-;-;-
Avenue Number 4;-;-;-
Awas Vikas;-;-;-
Aya Nagar Baba Mohalla;-;-;-
Aya Nagar Extension;-;-;-
Aya Nagar Extension G Block;-;-;-
Aya Nagar Phase 1;-;-;-
Aya Nagar Phase 2;-;-;-
Ayur Vigyan Nagar;-;-;-
Ayurvigyan Nagar;-;-;-
Azad Apartments;-;-;24.7%
Azad Market;-;-;-91.6%
Azad Nagar;-;-;-
Azad Nagar East;-;-;-
Azad Nagar East Delhi;-;-;-
Azad Nagar West;-;-;-
B 2 Block;-;-;-
B 3 Block;-;-;-
B 7;-;-;-
B a b a Colony Main Road;-;-;-
B a n k Enclave Road;-;-;-
B Block;-;-;-
B1 Road;-;-;-
B2A Block Block B 2B;-;-;-
B3;-;-;-
B4 Block;-;-;-
B5 Road;-;-;-
B6;-;-;-
Baandh Road;-;-;-
Baba Colony;-;-;-
Baba Colony Main Road;-;-;-
Baba Farid Puri;-;-;-
Baba Haridas Nagar;-;-;-
Baba Mohalla;-;-;-
Baba Road;-;-;-
Babarpur Road;-;-;-
Babarpur Village;-;-;-
Babu Nagar;-;-;-
Badam Singh Market;-;-;-
badhwar apartment;-;-;4.2%
Badiwala Kua;-;-;-
Bagdola;-;-;-
Bagdola Dwarka 8 Sector;-;-;-
Bagem Pur;-;-;-
Bagh Kare Khan;-;-;-
Baghpat Road;-;-;-
Bahadur Shah Zafar Marg;-;-;-
Bahadurgarh Road;-;-;-
BAHAWALPUR APARTMENT;-;-;-
Bajaj Enclave;-;-;-
Bajitpur Thakran;-;-;-
Bakarwala;-;-;-18%
Bakkar Wala Colony;-;-;-
Bal Udhyan Road;-;-;-
Balbir Nagar;-;-;-
Baldev Park East;-;-;-
Baljit Nagar;-;-;-
Ballabgarh Sector 6;-;-;-
Balraj Khanna Marg;-;-;-
balur appartment;-;-;-
Bamnoli;-;-;-
Bamnoli Village Delhi;-;-;-
Bamnoli Village Sector 28 Dwarka;-;-;-
Banarsi Das Estate;-;-;-
Bangla Sahib Road;-;-;-
Bank Colony;-;-;-
Bank Colony;-;-;-
Bank Colony Deoli;-;-;-
Bank Enclave;-;-;-
Bank Enclave Foot Over Bridge;-;-;-
Bankner;-;-;-
Bankner Village;-;-;-
Bans Mandi;-;-;-
Bapa Nagar;-;-;-
Bapu Dham;-;-;-
Bapu Park Kotla Mubarakpur;-;-;-
Bara Hindu Rao;-;-;-
Barwala Road;-;-;-
Basant Gaon;-;-;-
Basant Lok;-;-;-
Basti Harphool Singh;-;-;-
Batra Gali;-;-;-
Bawana Road;-;-;-
Bazar Lane;-;-;-
Beadon Pura;-;-;-
Begam Vihar;-;-;-
Bengali Colony;-;-;-
Bengali Colony Delhi;-;-;-
Bengali Market;-;-;-
Beri Wala Bagh;-;-;-
Bhagat Chandra Hospital;-;-;-
Bhagat Colony;-;-;-
Bhagat Enclave;-;-;-
Bhagat Vihar;-;-;-
Bhagwan Buddha Housing Corporation Society;-;-;-
Bhagwan Das Road;-;-;-
Bhagwan Nagar;-;-;-
Bhagwan Nagar New Delhi;-;-;-
Bhagwati Garden;-;-;-33%
Bhagwati Garden Extension;-;-;-
Bhagya Vihar;-;-;-
Bhai Parmanand Colony;-;-;-
Bharati Artist Colony;-;-;-
Bhargava Marg;-;-;-
Bharola;-;-;-
Bharthal Village;-;-;-
Bhawana Colony;-;-;-
Bhawani Kunj;-;-;-
Bhawani Kunj New Delhi;-;-;-
Bhera Enclave;-;-;-
Bhikaji Cama;-;-;-
Bhikaji Cama Place;-;-;-
Bhilswa;-;-;-
Bhim Basti;-;-;-
Bhim Nagri;-;-;-
Bhism Pitamah Road;-;-;-
Bhiwadi;-;-;-27.2%
Bhola Nagar;-;-;-
Bholanath Nagar Marg;-;-;-
Bhopura;-;-;-
Bhorgarh;-;-;-
Biharipur Extension;-;-;-
Biharipur Village;-;-;-
Bijwasan Road;-;-;35%
Binda Pur Road;-;-;-
Bindapur Matiala Road;-;-;-
Bindapur Road;-;-;-
Bipin Chandra Pal Marg;-;-;-
Bistdari Road;-;-;-
Bk 1 Block;-;-;-
Block 18;-;-;-
Block 3;-;-;-
Block 34;-;-;-
Block 37 Rajendra Park;-;-;-
Block A;-;-;-
Block A 1;-;-;-
Block A 1 Nauroji Nagar;-;-;-
Block A 2A Asalatpur Village;-;-;-
Block A 3;-;-;-
Block A APB Garhi;-;-;-
Block A DDA Flats;-;-;-
Block A Lajpat Nagar 1 Road;-;-;-
Block A Panchvati Apartment;-;-;-
Block A Vishwakarma Park;-;-;-
Block A1;-;-;-
Block A2 Janakpuri;-;-;-
Block A3;-;-;-
Block AN Poorbi Shalimar Bag;-;-;-
Block B;-;-;-
Block B 1B;-;-;-
Block B 5;-;-;-
Block B 7;-;-;-
Block B G K 1;-;-;-
Block B Lajpat Nagar I;-;-;-
Block B Sector 17;-;-;-
Block B Shivaji Enclave;-;-;-
Block B Wazirpur Industrial Area;-;-;-
Block B West Patel Nagar;-;-;-
Block B1;-;-;-
Block B3;-;-;-
Block BD Dakshini Pitampura;-;-;-
Block BF;-;-;-
Block BG 1;-;-;-
Block BG 5;-;-;-
Block BG 7;-;-;-
Block C;-;-;-
Block C 2 Sector 14;-;-;-
Block C Krishan Kunj;-;-;-
Block C Lajpat Nagar I;-;-;-
Block C Mansa Ram Park;-;-;-
Block C Road;-;-;-
Block C Uttam Nagar East;-;-;-
Block C1;-;-;-
Block C2A;-;-;-
Block C3 Janakpuri;-;-;-
Block C4F;-;-;-
Block C4G Gate Number 1 Road;-;-;-
Block C4H;-;-;-
Block C5C;-;-;-
Block D;-;-;-
Block D 13 Phase 2;-;-;-
Block D Friends Colony East;-;-;-
Block D Kailash Colony;-;-;-
Block D Lajpat Nagar I;-;-;-
Block D Sector 8 Dwarka;-;-;-
Block DU Uttari Pitampura;-;-;-
Block E;-;-;-
Block E Greater Kailash Road Number 3;-;-;-
Block EC;-;-;-
Block ED Dakshini Pitampura;-;-;-
Block F;-;-;-
Block F 1U Uttari Pitampura;-;-;-
Block F Block H;-;-;-
Block F Pandav Nagar Road;-;-;-
Block F Vishwakarma Park;-;-;-
Block G;-;-;-
Block G Lajpat Nagar I;-;-;-
Block G Ram Nagar;-;-;-
Block G Vishwakarma Park;-;-;-
Block GH 13 GH 13;-;-;-
Block GH 14;-;-;-
Block GH 8;-;-;-
Block GH10 Sunder Vihar;-;-;-
Block GH5;-;-;-
Block H;-;-;-
Block H Guru Nanak Pura;-;-;-
Block H Lajpat Nagar I;-;-;-
Block HP Poorvi Pitampura;-;-;-
Block I;-;-;-
Block I Lajpat Nagar II;-;-;-
Block J;-;-;-
Block J K;-;-;-
Block J Kailash Colony;-;-;-
Block J Pushkar Enclave;-;-;-
Block J Rajouri Garden Extension;-;-;-
Block J Vishwakarma Park;-;-;-
Block JP Poorvi Pitampura;-;-;-
Block K Jagat Ram Park;-;-;-
Block L;-;-;-
Block L Kailash Colony Road;-;-;-
Block LD Dakshini Pitampura;-;-;-
Block LP Poorvi Pitampura;-;-;-
Block LU Uttari Pitampura;-;-;-
Block M;-;-;-
Block M Vishwakarma Park;-;-;-
Block MU Uttari Pitampura;-;-;-
Block N Vishwakarma Park;-;-;-
Block O;-;-;-
Block Q Green Park Extension;-;-;-
Block QD Dakshini Pitampura;-;-;-
Block QP Poorvi Pitampura;-;-;-
Block S Greater Kailash I;-;-;-
Block S Greater Kailash II;-;-;-
Block S Panchsheel Park South;-;-;-
Block SD Delhi;-;-;-
Block T;-;-;-
Block U;-;-;-
Block UP Poorvi Pitampura;-;-;-
Block UU Uttari Pitampura;-;-;-
Block V Budh Vihar Phase I;-;-;-
Block VP Poorvi Pitampura;-;-;-
Block W;-;-;-
Block Wa Nanakpura;-;-;-
Block Wb Ganesh Nagar II;-;-;-
Block WZ;-;-;-
Block YP Poorvi Pitampura;-;-;-
Bodella Market Budella;-;-;-
Bodhraj Kohli Marg;-;-;-
Brahampuri;-;-;-
Brahman Mohalla;-;-;-
Brahmapuri;-;-;-
Brij Puri;-;-;-
Brijwasan;-;-;82.8%
BSF Camp Chawala;-;-;-
BShah Zafar Marg;-;-;-
Buddh Vihar;-;-;-
Budella;-;-;-
Budh Bazar Road;-;-;-
Budh Nagar;-;-;-
Budh Vihar Phase II;-;-;1.9%
Budhela Village;-;-;-
Budhh Vihar Market;-;-;-
Budhpur;-;-;-
Budhpur Bijapur Village;-;-;-
Builder Apartment;-;-;-
Bungalow Road;-;-;-
Bunker Colony;-;-;-
Bunker Colony Ashok Vihar IV;-;-;-
Bunker Colony Delhi;-;-;-
Burari Garhi;-;-;-
Burari Kamal Vihar;-;-;-
Burari Village Marg;-;-;-
c 1 vasant kunj;-;-;-
C block;-;-;-
C Block Greater Kailash;-;-;-
C Block Janakpuri Road;-;-;-
C C Colony;-;-;-
C P Block Road;-;-;-
C1A Block;-;-;-
C2C Block;-;-;-
C2D Road;-;-;-
C4B BLOCK;-;-;-
C9 C10;-;-;-
CA Apartments;-;-;-
Cariappa Marg;-;-;-
cc block hari nagar;-;-;-
CC Colony;-;-;-
CD Block Dakshini Pitampura;-;-;-
Central Market Lajpat Nagar II;-;-;-
Central Secretariat;-;-;-
CGHS;-;-;-
CGHS Colony;-;-;-
Chaman Park;-;-;-
Chaman Vihar;-;-;-
Chanakya Place II;-;-;-
Chanchal Park;-;-;-
Chand Bagh;-;-;-
Chand Nagar;-;-;-
Chand Vihar;-;-;-
Chander Lok;-;-;-
Chander Nagar;-;-;-
Chander Nagar Street;-;-;-
Chander Vihar;-;-;407.6%
Chander Vihar;-;-;-
Chander Vihar Main;-;-;-
Chander Vihar Nilothi;-;-;-
Chanderlok;-;-;-
Chandni Mahal;-;-;-
Chandra Nagar;-;-;-
Chandra Shekhar Azad Colony;-;-;-
Chandu Park;-;-;-
Chatri Wala Kuan;-;-;-
Chatta Lal Miya;-;-;-
Chattarpur Enclave Phase 1;-;-;-
Chauhan Patti;-;-;-
Chaukhandi;-;-;-
Chaukhandi Road;-;-;-
Chawri Bazar;-;-;-
Chennai Delhi Highway;-;-;-
Chetan Vihar Block Z;-;-;-
Chhajjupur;-;-;-
ChhawlaGoyala Road;-;-;-
Chhoti Subji Mandi;-;-;-
Chikamberpur Village;-;-;-
Chirag Delhi;-;-;-
Chirag Delhi Main Road;-;-;-
Chitla Gate;-;-;-
Chitra Vihar;-;-;-
Chitrakoot;-;-;-
Chokhandi;-;-;-
Chowk Nai Basti;-;-;-
Christian Colony;-;-;-
Chuna Mandi;-;-;-
Church Lane;-;-;-
Church Mall Road;-;-;-
Church Road;-;-;-
Clock Tower;-;-;-
Clock Tower Chowk;-;-;-
Club Road;-;-;-
Club Road Flyover;-;-;-
Colonelganj;-;-;-
Commercia Shop Sadar Bazar;-;-;-
Commercial Shop Indra Park;-;-;-
Commercial Shop Karol Bagh;-;-;-
Commonwealth Games Village;-;-;-16.4%
Commonwealth Games Village 2010;-;-;-
Conductor Colony;-;-;-
Connaught Lane;-;-;-
Cooperganj;-;-;-
Cottage Enclave;-;-;-
CP Block Road;-;-;-
CSP Flats;-;-;-
CVD Line;-;-;-
D B Gupta Road;-;-;-
D Block;-;-;-
D Block Lane;-;-;-
D Block Vikaspuri;-;-;-
D D A Apartment Road;-;-;-
D K Road;-;-;-
D1C Block Lajwanti Garden;-;-;-
D3 Street;-;-;-
D6;-;-;-
D6 Sector D;-;-;-
Dabri Extension East;-;-;687.3%
Dabri Mor Flyover;-;-;-
Dabri Palam Road;-;-;-7.6%
Dabri Village;-;-;-
Dada Dev Mandir Road;-;-;-
Dadri Main Road;-;-;-
Dalan Mohalla;-;-;-
Dallupura Road;-;-;-
Dalmia Vihar;-;-;-
Darayapur Kalan Village;-;-;-
Dariyapur Khurd;-;-;-
DaryaGanj;-;-;-
Daryapur;-;-;-
Daryapur Khurd Village;-;-;-
Daryapur Road;-;-;-
Dauralla;-;-;-
Dayal Bagh;-;-;-
Dayalpur;-;-;-
DAYANAND COLONY;-;-;1.1%
Dayanand Vihar;-;-;-
DBlock;-;-;-
DCM Railway Colony;-;-;-
DCM Road;-;-;-
DCM School Marg;-;-;-
DDA Colony;-;-;-
dda flat;-;-;-
dda flat sec 13 a;-;-;-
DDA Flats;-;-;-
DDA Flats;-;-;-
DDA FLATS KHIRKI;-;-;-
Dda lig flats pocket c molarband;-;-;5%
DDA Market;-;-;-
dda mult sec 18;-;-;-
DDA Park Nihal Vihar;-;-;-
DDA PLOTS DWARKA;-;-;-
DDAFlat Road;-;-;-
Deep Enclave;-;-;-
Deep Vihar;-;-;-
Deep Vihar;-;-;-
Deep Vihar Sector24;-;-;-
Deepak Vihar;-;-;-
Deepali;-;-;-
Deepali Tarun Sharda Niketan;-;-;-
Deepanjali;-;-;-
Deer Park;-;-;-
Defence Colony Flyover;-;-;-
Defence Enclave;-;-;-
Delhi Ajmer Expressway;-;-;-
Delhi Apartments;-;-;-
Delhi Avenue;-;-;-
Delhi Bypass Road;-;-;-
Delhi Chauma Village;-;-;-
Delhi Cove;-;-;-
Delhi Drive;-;-;-
DELHI DWARKA;-;-;-
Delhi Gate;-;-;-
Delhi Gate Road;-;-;-
Delhi Gaur City 1;-;-;-
Delhi Gymkhana Club;-;-;-
Delhi High Court;-;-;-
Delhi Jaipur Expressway;-;-;-
Delhi Jaipur Highway;-;-;-
Delhi Kolkata Highway;-;-;-
Delhi Mathura Road;-;-;-
Delhi Meerut Expressway;-;-;-
Delhi Metro Depot;-;-;-
Delhi Metropolitan Area;-;-;-
Delhi Metropolitan Area Bhawani Kunj;-;-;-
Delhi Noida Direct Flyway;-;-;-
Delhi Omicron 1A;-;-;-
Delhi Public School Road;-;-;-
Delhi Rasoolpur Nawada;-;-;-
Delhi Road;-;-;-
Delhi Rohtak Road;-;-;-
Delhi Technological University Shahbad Daulatpur Village;-;-;-
Delhi Udyog Vihar Phase IV;-;-;-
Delhi University;-;-;46.7%
Delhi University Ground;-;-;-
Delhi Wave City Center;-;-;-
DelhiFaridabad Metro;-;-;-
DelhiMeerut Road;-;-;-
Dera Village;-;-;-
Desh Bandhu Gupta Marg;-;-;-
Desu Colony;-;-;-
Desu Colony;-;-;-
Dev Kunj;-;-;-
Devika Towers;-;-;-
Devli Extension;-;-;-
Devli Extention;-;-;-
DG 2 Road;-;-;-
Dhaka Village;-;-;-
Dhakka Extension Road;-;-;-
Dhansa;-;-;-
Dhansa Road;-;-;-
Dharam Colony Delhi;-;-;-
Dharampura;-;-;-25.7%
Dhirpur Village;-;-;-
Dhul Siras;-;-;-
Dichaon Kalan Hiran Kudna Road;-;-;-
dilli vaas;-;-;-
Dilshad Colony New Simapuri;-;-;-
Dilshad Garden Pocket E;-;-;-
Dilshad Plaza;-;-;-
Dindarpur;-;-;-
Dindarpur Shanti Vihar;-;-;-
Dinpur Lal Dora Extn Dinpur Lal Dora Extension;-;-;-
Diplomatic Enclave;-;-;-
DIZ Area;-;-;-
DK Road;-;-;-
DLF 3 Phase;-;-;-
DLF City Phase II Delhi;-;-;-
DLF City Phase III;-;-;-
DLF Dilshad Extention II Dilshad Plaza;-;-;-
DLF Golf Course;-;-;-
DLF Phase 1;-;-;-
DLF Prashant Vihar;-;-;-
DMRC;-;-;-
DND Toll Booth;-;-;-
Doctor Jose P Rizal Marg;-;-;-
Doctor KN Katju Marg;-;-;-
Dori Walan;-;-;-
Double Storey;-;-;-
DPS Matiyala;-;-;-
Dr Ambedkar Colony;-;-;-
Dr Ambedkar Nagar;-;-;-
Dr Lohia Industrial Area;-;-;-
Dr Mukherjee Nagar West Bhai Parmanand Colony;-;-;-
Dr. Ambedkar Nagar;-;-;-
DSIDC Industrial Area Narela;-;-;-
Duggal Housing;-;-;-
Dundahera Road;-;-;-
Durga Ashram Road;-;-;-
Durga Mandir Marg;-;-;-
Durga Park;-;-;-
Durga Park Colony;-;-;-
Durga Puri;-;-;-
Durga Vihar;-;-;-
Durga Vihar New Delhi;-;-;-
Durgapuri Extension Delhi;-;-;-
DVB Colony;-;-;-
Dwaraka Marg;-;-;-
Dwarka 10 Sector;-;-;-
Dwarka 11 Sector;-;-;-4%
Dwarka 12 Sector;-;-;-
Dwarka 29 Sector;-;-;-
Dwarka 8 Sector;-;-;-3.3%
Dwarka Extension;-;-;-
Dwarka Extension Delhi;-;-;-
Dwarka Flyover;-;-;-
Dwarka Goyla Dairy Road;-;-;-
Dwarka L Zone;-;-;-
Dwarka Link Road;-;-;-
DWARKA MOR RAMA PARK;-;-;-
Dwarka New Delhi 110075;-;-;26.5%
Dwarka Phase 2;-;-;-
Dwarka sec 21;-;-;-
Dwarka sec 23 Near Emabassy;-;-;-
dwarka sec19 bharat vadna apt;-;-;-
Dwarka Sec6 Market;-;-;-
Dwarka Sector 1 Pocket 2;-;-;-
Dwarka Sector 11 Pocket 3;-;-;-13.1%
Dwarka Sector 11 Pocket 4;-;-;120.8%
dwarka sector 12;-;-;23.3%
Dwarka Sector 12 Pocket 4;-;-;-
Dwarka Sector 12 Pocket 6;-;-;-
Dwarka Sector 12 Pocket 8;-;-;-
dwarka sector 13;-;-;3.4%
Dwarka Sector 16 Main Road;-;-;-
dwarka sector 19;-;-;109.3%
dwarka sector 2;-;-;-
Dwarka sector 23 Pocket 1;-;-;-
Dwarka Sector 25;-;-;-
Dwarka Sector 26;-;-;-
DWARKA SECTOR 9;-;-;-26%
Dwarka Sector 9 Pocket 2;-;-;-
Dwarka Sector 9 Road;-;-;-
Dwarka Sector3;-;-;19.5%
Dwarka Sub City;-;-;1.8%
E a s t Block Extension Road;-;-;-
East Babarpur;-;-;-
East Block Extension Road;-;-;-
East Block Road;-;-;-
east delhi;-;-;8.1%
East Delhi Extension;-;-;-
East Gokalpur;-;-;-
East Gokulpur;-;-;-
East Kidwai Nagar;-;-;-
East Krishna Nagar;-;-;-
East Moti Bagh;-;-;-
East Nathu Colony;-;-;-
East of Kailash C Block;-;-;-
East of Kailash G Block;-;-;-
East Park Road;-;-;-
East Punjabi Bagh Manohar Park;-;-;-
East Ram Nagar;-;-;-
East Rohtas Nagar;-;-;-
East Rohtas Nagar Delhi;-;-;-
East Sadatpur Extension;-;-;-
EBlock;-;-;-
Ekta Enclave;-;-;-
ELDECO Green City;-;-;-
Enclave 3;-;-;-
Engineer Enclave;-;-;-
Engineers Enclave Delhi;-;-;-
EPDP Colony;-;-;-
Eros Garden;-;-;-
Experion Heartsong;-;-;-
Extension Colony;-;-;-
F Block;-;-;-
F Block Lajpat Nagar I;-;-;-
F Block Raj Nagar Part 2;-;-;-
F Block Road;-;-;-
F i r e Brigade Lane;-;-;-
Faiz Road;-;-;-
Fajalpur Village;-;-;-
Farash Bazar;-;-;-
Fashion Street;-;-;-
Fatehpurberi;-;-;-
Fatehpuri;-;-;-
Feroze Gandhi Road;-;-;-
Ferozshah Road;-;-;-
Fetehpur Beri;-;-;-
Fine Home Apartments;-;-;-
Firozeshah Road;-;-;-
Forest Lane;-;-;-
Freedom Fighter Vihar;-;-;-
Furnished apartment;-;-;-
G Block Garden Road;-;-;-
G Block H Block Road Saket;-;-;-
G T Karnal Road;-;-;263.4%
Gacharya Kriplani Road;-;-;-
Gadaipur;-;-;-18.6%
Gadpur Farm;-;-;-
Gaffar Manzil Extension New Delhi;-;-;-
Gaffar Manzil Extn;-;-;-
Gafoor Nagar;-;-;-
Gali No 12;-;-;-
Gali No 16;-;-;-
Gali Number 1;-;-;-
Gali Number 10;-;-;-
Gali Number 11;-;-;-
Gali Number 12;-;-;-
Gali Number 13;-;-;-
Gali Number 14;-;-;-
Gali Number 2;-;-;-
Gali Number 22;-;-;-
Gali Number 3;-;-;-
Gali Number 3rd;-;-;-
Gali Number 4;-;-;-
Gali Number 5;-;-;-
Gali Number 5 MS Block;-;-;-
Gali Number 6;-;-;-
Gali Number 7;-;-;-
Gali Number 9;-;-;-
Gandhi Colony;-;-;-
Gandhi Market;-;-;-
Gandhi Nagar Seelampur;-;-;-
Gandhi Park;-;-;-
Ganesh Nagar 1;-;-;-
Ganesh Nagar I South;-;-;-
Ganesh Nagar II;-;-;-
GANESH NAGAR PANDAV NAGAR COMPLEX;-;-;-
ganesh nagar tilak nagar;-;-;-
Ganeshpura;-;-;-
Gang Nath Chowk;-;-;-
Ganga Ram Gali;-;-;-
Gangotri Apartment;-;-;-
Gangotri Apartments Road;-;-;-
Gangotri Enclave;-;-;-
Gangotri Enclave Mandakini Enclave Colony;-;-;-
Gangotri Enclave Road;-;-;-
Garhi;-;-;-
Garhi Jharia Maria;-;-;-
Garhwal Colony;-;-;-
Gari Extension;-;-;-
Garwali Mohalla;-;-;-
Garwali Mohalla Narayan Nagar;-;-;-
Gautam Colony;-;-;-
Gautam Nagar Road;-;-;-
Gautampuri Awas;-;-;-
GB Road;-;-;-
GBlock;-;-;-
GD Block Dakshini Pitampura;-;-;-
Geeta Colony Road;-;-;-
Geetanjali;-;-;-
Geetanjali Enclave West Sagarpur;-;-;-
Geetanjali Park Block RZ;-;-;-
GH 13 Ambica Vihar;-;-;-
GH 14;-;-;-
Ghaffar Manzil Colony;-;-;-
Ghaffar ManzilJohri Farm Road;-;-;-
Gharoli Dairy Farm;-;-;-
Gharoli Extension;-;-;-
Gharoli Main Road;-;-;-
Ghazipur Village;-;-;-
Ghitorni Village South Delhi;-;-;-
Ghonda;-;-;-
Ghondli Village;-;-;-
Gitanjali Enclave;-;-;-
GK1 W Block Greater Kailash;-;-;-
Gobind Mohalla;-;-;-
Godavari Apartments;-;-;-
Gokalpuri;-;-;-
Gokul Puri;-;-;-
Gold Valley Sector D;-;-;-
Golf Club;-;-;-
Golf Link 1;-;-;-
Gooba Gardens;-;-;-
Gopal Nagar Extension;-;-;-
Gopal Nagar Extn;-;-;-
Gopalpur Village;-;-;-
Gopi Nath Bazar;-;-;-
Gorakh Park East;-;-;-
Gorakh Park West;-;-;-
Government School Road;-;-;-
Govind Mohalla Haiderpur;-;-;-
Govind Park;-;-;-
Govind Puri;-;-;-17.8%
Govindpura;-;-;63.6%
Govindpura Old;-;-;-
Govindpuri Extension Kalkaji;-;-;-
Goyla Khurd;-;-;-
Goyla Vihar;-;-;-
Grand Trunk Road;-;-;-
Greater Kailash 3 Road;-;-;-
Greater kailash enclave III;-;-;-
Greater Kailash I Block E;-;-;-
Greater kailash III;-;-;-
Greater Kailash N Block;-;-;-
Greater Kailash Part 3;-;-;-27%
Green Park Extension Road;-;-;-
Green park Extn;-;-;-
GT Karnal Road Industrial Area;-;-;-
GT Road;-;-;-
GTB Enclave;-;-;36%
GTB Staff Colony;-;-;-
gujranwala apt vikas puri;-;-;-
Gulab Bagh;-;-;-
Gulabhi Bagh;-;-;-
Gulabhi Bagh Om Vihar;-;-;-
Gulmohar Enclave;-;-;35.3%
Gulmohar Park Road;-;-;-
Gulshan Park;-;-;-
gulshen eqbal;-;-;-
Gupta Enclave;-;-;-
Gurgaon Dabri Road;-;-;-
GurgaonMehrauli Road;-;-;-
Gurpreet Nagar;-;-;-
Guru Angad Nagar;-;-;-
Guru Govind Singh College;-;-;-
Guru Govind Singh Road;-;-;-
Guru Nanak Nagar;-;-;-
Guru Nanak Nagar Extension;-;-;-
Guru Nanak Pura;-;-;-
Guru Ram Das Nagar;-;-;-
Guru Ram Dass Nagar Government School Road;-;-;-
Guru Ramdas Nagar;-;-;-
Guru Ravidas Marg;-;-;-
Guru Teg Bahadur Nagar;-;-;-
Gurudwara Kalgidhar Marg;-;-;-
Gurudwara Road;-;-;-
Gurudwara Singh Sabha Marg;-;-;-
Gurugram Bajghera Nazafgarh Road;-;-;-
Gurunanak Pura;-;-;-
Gwal Pahari;-;-;-
Gyan Kunj;-;-;-
H 2 Sector 16;-;-;-
H a u z Khas Fort Road;-;-;-
H Block;-;-;-
H Block Road;-;-;-
Haidarpur;-;-;-
Haider Quli;-;-;-
Hailey Road;-;-;-
Hakikat Nagar;-;-;-
Halar Road;-;-;-
Hamidpur;-;-;-
Hans Raj College Marg;-;-;-
Hans Residential Colony;-;-;-
Hanuman Kunj;-;-;-
Hanuman Road;-;-;-
Hanumangarh;-;-;-
Har Nagar;-;-;-
Hardevpuri;-;-;-
Hargobind Enclave;-;-;-
Hargobind Enclave New Delhi;-;-;-
Hargovind Vihar;-;-;-
Hari Enclave;-;-;-
Hari Ki Chakki Wali Gali;-;-;-
Hari Kothi Lane;-;-;-
Hari Nagar Janak Park;-;-;-
Hari Nagar Pratap Nagar;-;-;-
Hari Vihar;-;-;-
Harian Basti;-;-;-
Harijan Basti;-;-;-
Harit Vihar;-;-;-
haritage appt sec 11;-;-;-
Hasanpur;-;-;-
Hastsal Road;-;-;-
Hastsal Vihar;-;-;-
Hastsal Vihar Delhi;-;-;-
Hastsal Village;-;-;-
Hauz Khas Block Q;-;-;-
Hauz Khas Village New Delhi;-;-;-
Hauz Qazi;-;-;-
HAUZ RANI;-;-;-
Hauzrani Enclave;-;-;-
HIG Flats;-;-;-
High Rise Society;-;-;-
-;-;-;him vihar appartments
-;-;-;HIMACHALI APARTMENT
-;-;-;Himigiri Enclave
-;-;-;Himmatpuri
-;-;-;Hiran Kudna
-;-;-;Hiranki
-;-;-;Holambi Kalan
-;-;-;Hostal Vihar
-;-;-;HPL Staff Colony Jangpura A
-;-;-;HU Block
-;-;-;Huda
-;-;-;Hudco Colony
-;-;-;Hudco Place
-;-;-;Hudson Lane
-;-;-;Humayunpur
-;-;-;huze khas app
-;-;-;Hyderabad House
-;-;-;I G I Airport T3 Road
-;-;-;IAA Colony
-;-;-;IFCI Colony
-;-;-;IGI Airport
-;-;-;IGI Airport T3 Road
-;-;-;Ignou Road  Sainik Farm
-;-;-;Ignou Road Chhatarpur
-;-;-;Ignou Road Sainik Farm
-;-;-;IIT Delhi Main Road
-;-;-;INA Colony
-;-;-;Income Tax Colony
-;-;-;Independent House Anand Niketan
-;-;-;Independent House Uttam Nagar
-;-;-;Inder Enclave
-;-;-;Inder Enclave Road
-;-;-;Inderlok
-;-;-57.8%;Indian Air Lines & Air India Estate
-;-;-;Indira Nagar
-;-;-;Indira Park
-;-;-;Indira Vihar
-;-;-;Indra Enclave
-;-;-;Indra Nagar
-;-;-;Indra Park
-;-;-;Indra Park East Extn
-;-;-5.4%;Indra Vihar
-;-;-;Indra Vihar I
-;-;-;Indra Vikas Colony Bhai Parmanand Colony
-;-;-;Indraprastha
-;-;-;Industrial Land and Building Okhla Industrial Area
-;-;-;Infinity Road
-;-;-;Institutional Area
-;-;-;IP Colony Indraprasth Colony
-;-;-;Iradat Nagar
-;-;-;Isapur Khera
-;-;-;Isherheri
-;-;-;Ishwar Colony
-;-;-;Iskcon Temple Road
-;-;-;Islam Colony
-;-;-;ITO
-;-;-;J Block
J Block Road;-;-;-
J Extension;-;-;-
Jafrabad;-;-;-
Jagat Ram Park;-;-;-
Jagdamba Camp;-;-;-
Jagdamba Vihar;-;-;-
Jagdamba Vihar Delhi;-;-;-
Jagdamba Vihar West Sagarpur;-;-;-
Jagjeet Nagar;-;-;-
Jagjit Nagar;-;-;-
Jagpura;-;-;-
jagran sector 22;-;-;-
Jagrati Vihar;-;-;-
Jagriti Enclave Shreshtha Vihar;-;-;-
Jahangir Puri;-;-;-48.9%
Jahangirpuri Industrial Area;-;-;-
Jahanpanah Monument;-;-;-
Jai Bharat Encl;-;-;-
Jai Vihar;-;-;-
Jai Vihar Colony;-;-;-
Jai Vihar Extn;-;-;-
Jaidev Park;-;-;-
jain colony;-;-;-
Jain Mandir Road;-;-;-
Jain Mohalla Seelampur;-;-;-
Jain Nagar Extension;-;-;-
Jain Park;-;-;13.8%
Jain Park Om Vihar;-;-;-
Jain Road;-;-;-
Jal Board Colony;-;-;-
Jal Vihar;-;-;-
Jama Masjid;-;-;-
Jammu Delhi Road;-;-;-
Janak Park Pocket 408;-;-;-
Janakpuri B1 Market;-;-;-
janakpuri District Center;-;-;14.4%
Janki Panchal Vihar;-;-;-
Janta Colony;-;-;-
Janta Flats;-;-;-
Janta Vihar;-;-;-
Jasola Sector 8;-;-;-16.6%
Jasola Vihar Sector 8 Road;-;-;17.7%
Jatva Basti;-;-;-
Jaunti;-;-;-
Jawahar Nagar;-;-;-
Jawahar Park Shalimar Garden;-;-;-
Jawaharlal Nehru Camp;-;-;-
Jawaharlal Nehru Stadium;-;-;-
Jawaharlal Nehru University;-;-;-
Jawala Nagar;-;-;-
Jeevan Park;-;-;-
jeewan nagar;-;-;-
Jhandewalan;-;-;-
Jhandewalan Extn;-;-;-
Jhangola;-;-;-
Jharoda;-;-;-
Jhatikara;-;-;-27.1%
Jheel Khurenja;-;-;-
Jhilmil Colony Industrial Area;-;-;-
jhilmil ind area;-;-;-
Jhilmil Industrial Area;-;-;-
Jhulelal Mandir Marg;-;-;-
Jia Sarai Trail;-;-;-
Jitar Nagar;-;-;-
Jivan Park;-;-;-
JJ Colony;-;-;-
JJ Colony;-;-;-
JJ Colony No 2;-;-;-
JJ Colony No 3;-;-;-
JJ Colony Wazirpur;-;-;-
Jogabai;-;-;-
Johri Enclave;-;-;-
Johripur Enclave;-;-;-
Johripur Extension;-;-;-
Johripur Extn.;-;-;-
Jor Bagh Colony Road;-;-;-
Joshi Colony;-;-;-
Juanapur;-;-;-
Junapur Village;-;-;-
Jurbagh;-;-;-
Jwalapuri;-;-;-
Jyoti Colony;-;-;-
Jyoti Nagar;-;-;-
K a l a Mandir Road;-;-;-
K a l u Sarai Road;-;-;-
k block Road;-;-;-
K I Zone Goyla Dairy;-;-;-
Kabir Nagar;-;-;-
Kabool Nagar;-;-;-
Kadambari Road;-;-;-
Kadipur;-;-;-
Kadipur Village;-;-;-
Kailash Colony Road;-;-;-
Kailash Kunj;-;-;-
Kailash Nagar;-;-;-
Kailash Park;-;-;-
Kailash Puri;-;-;-
Kailash Puri Extension;-;-;-
Kailash Road;-;-;-
Kailashpuri Road;-;-;-
Kailashpuri West;-;-;-
kailaspuri road;-;-;-
Kair;-;-;-
Kakraula Village;-;-;-
Kakrola;-;-;-5%
Kakrola Road;-;-;-
Kali Mandir Society;-;-;-
Kalindi Colony;-;-;-
Kalka Dass;-;-;-
Kalka Public School Road;-;-;-
Kalkaji Flyover;-;-;-
Kalu Ram Chowk Road;-;-;-
Kalyan Marg;-;-;-
Kalyan Puri Road;-;-;-
Kalyanpuri;-;-;-
Kalyanvas;-;-;-
Kamal Park;-;-;-
Kamal Pur;-;-;-
Kamal Vihar;-;-;-
Kamal Vihar Sant Nagar;-;-;-
Kamla Nehru Ridge;-;-;-
Kamruddin Nagar;-;-;-
Kangra Niketan;-;-;-
Kanhiya Nagar;-;-;-
Kanjhawala;-;-;-
Kanjhawala Village;-;-;-
Kanjhawla;-;-;1.3%
Kanti Nagar East;-;-;-
Kanti Nagar Extension Delhi;-;-;-
Kanti Nagar South;-;-;-
Kapas Hera;-;-;-
Kapas Hera Estate;-;-;-
Kapas Hera Extension;-;-;-
Kapashera Estate Road;-;-;-
Karala;-;-;-
Karam Pura;-;-;-
Karampura Industrial Area;-;-;-
Karampura West;-;-;-
Karawal Nagar Main Road;-;-;-
Karawal Nagar New Sabhapur;-;-;-
Kardam Puri;-;-;-
Kardam Puri Extension;-;-;-
Karkar Duma Delhi;-;-;-
KarKardooma;-;-;146.7%
Kartar Nagar;-;-;-
Kaseru Walan;-;-;-
Kashmiri Bagh;-;-;-
Kashmiri Colony;-;-;-
Kashmiri Gate;-;-;-
Kasturba Niketan;-;-;-
Katra Neel;-;-;-
Kaushik Enclave Delhi;-;-;-
Kautilya Marg;-;-;-
Keshavpur Vegetable Market Block WZ;-;-;-
Kesho Ram Park;-;-;-
Keshopur;-;-;-
Keshopur Village;-;-;-
Keshuram Park;-;-;-
Kewal Park Extension;-;-;-
KG 1 Road;-;-;-
KG 2 Road;-;-;-
KG 3 Road;-;-;-
Khabas Pura;-;-;-
Khaira;-;-;-
Khan Market;-;-;-
Khanpur Dhani;-;-;-
Khari Baoli;-;-;-
Khari Baoli Road;-;-;-
Kharkhoda Bahadurgarh Road;-;-;-
Khayala;-;-;-
Khazoori Khas;-;-;-
Khel Gaon;-;-;-
Khera Dabar;-;-;18.9%
Khera Kalan Village;-;-;-
Khera Khurd Village;-;-;-
Khera Village;-;-;-
Khidki Village;-;-;-
Khirki Extension New Colony;-;-;-
Khirki Extension Road;-;-;-
Khirki Extn;-;-;-17%
Khizarabad Bhagol;-;-;-
Khizrabad;-;-;-
Khoda Colony;-;-;-
Khureji Khas;-;-;-
Khushi Ram Park;-;-;-
Khushi Ram Park Delhi;-;-;-2%
Khushi Ram Park Param Puri;-;-;-
Khyala;-;-;-
Kilokri;-;-;-
Kilokri New Delhi;-;-;-
Kingsway Camp;-;-;-
Kiran Vihar Delhi;-;-;-
kishan ghar;-;-;-
Kishangarh Gaushala Marg;-;-;-
Kishangarh Mehrauli Road;-;-;-
Kishangarh Village SectorA;-;-;-
Koil Camp;-;-;-
Kolhapur Road;-;-;-
Kondali Main;-;-;-
Kota House Entrance;-;-;-
Kotla;-;-;-
Kotla Vihar Phase 2;-;-;-
Krishan Kunj;-;-;-
Krishan Vihar;-;-;-
Krishi Kunj;-;-;-
Krishna Apartment;-;-;-
Krishna Colony;-;-;-
Krishna Colony;-;-;-
Krishna Park Extension;-;-;-
Krishna Puri;-;-;-
Kucha Chalan;-;-;-
Kucha Mahajani;-;-;-
Kucha Pati Ram;-;-;-
Kundli;-;-;-
Kundli Manesar Palwal Expressway;-;-;-
Kunwar Singh Nagar;-;-;-
Kurenai Village;-;-;-
Kusgaon Budruk;-;-;-
Kushak No 2;-;-;-
Kutub Golf Course;-;-;-
L Zone Delhi;-;-;18.3%
L Zone Delhi Dwarka;-;-;-
L zone dwarka new delhi;-;-;-
L Zone Dwarka Phase 2 Delhi;-;-;15.6%
L Zone Near Dwarka Sector 23;-;-;-
L Zone Phase 2;-;-;-
L-Zone;-;-;-
Ladakh Budh Vihar Colony;-;-;-
Lado Sarai Extension;-;-;-
Ladpur;-;-;-
Ladrey Mohalla;-;-;-
Lady Hardinge Medical College;-;-;-
Lahore Apartment;-;-;-
Lajpat Nagar Metro Station;-;-;-
Lakhi Nath Kuti;-;-;-
Lakhi Ram Park Delhi;-;-;-
Lakhmi Nagar IT Hub;-;-;-
Lakshman Park Delhi;-;-;-
Lakshmi Park;-;-;-
Lal Dora Delhi;-;-;-
Lal Gumbad Basti Sadhna Enclave;-;-;-
Lal Quarter Delhi;-;-;-
Laldora;-;-;-
Lalita Park Foot Over Bridge;-;-;-
Lampur;-;-;-
Lampur Road;-;-;-
Lane H;-;-;-
Lawrance Road;-;-;-44.7%
Lawrence Road Colony;-;-;-
Laxman Park;-;-;-
Laxmi Bai Nagar;-;-;-
Laxmi Nagar Commercial Complex;-;-;-
Laxmi Park;-;-;-
LBlock Road;-;-;-
lhi west varinder nagarjanakpu;-;-;-
Libas Pur;-;-;-
LIC Colony;-;-;-
LIG Flats;-;-;-
LIG MIG Flats;-;-;-
LIG Prasad Nagar;-;-;-
Link Road;-;-;-
Link Road IP Extension;-;-;-4.5%
LNT Block;-;-;24.9%
Lodhi Colony Delhi;-;-;-
Lodhi Gardens;-;-;-
Lodhi Road Quarters;-;-;-
Loha Mandi Block Y;-;-;-
Loknath Puram;-;-;-
Loknayak Puram;-;-;-3.7%
Lonavala;-;-;-
Lord Krishna Road;-;-;-
Lotus Enclave;-;-;-
Lotus Temple Road;-;-;-
Low rise society;-;-;-
M a i n Manglapuri Road;-;-;-
M a i n Patel Road;-;-;-
M a i n Road;-;-;-
M a i n Surakhpur Road;-;-;-
M B S Nagar;-;-;-
M B S Nagar Road;-;-;-
M Block Greater Kailash;-;-;-
M Block Greater Kailash I;-;-;-
M Block New Delhi;-;-;-
M Block Road;-;-;-
M G Road;-;-;-53.5%
M K RESIDENCY APARTMENT;-;-;-
M.B. Road;-;-;-
M2K Marg;-;-;-
Madan Park;-;-;-
Madan Puri;-;-;-
Madangir Camp;-;-;-
Madangir Foot Overbridge;-;-;-
Madhu Vihar Delhi;-;-;-
Madhuban Chowk;-;-;166.4%
Madhuban Enclave;-;-;-
Magazine Road;-;-;-
Mage Ram Park;-;-;-
Maharam Mohalla;-;-;-
Maharana Pratap Enclave;-;-;-
Mahaveer Nagar;-;-;22.6%
Mahaveer Nagar Kotla Mubarakpur;-;-;-
Mahavir Enclave I Mahavir Enclave Part 2;-;-;-
Mahavir Enclave II III;-;-;-
Mahavir Vihar;-;-;-
Mahendra Park;-;-;-
Mahendru Enclave;-;-;-
Mahindra Park;-;-;-
Mahipalpur Extension;-;-;-
Mahipalpur Extention;-;-;-
Mahipalpur KBlock;-;-;9.8%
Mahipalpur Rangpuri Road;-;-;-
Mahrauli;-;-;-
Maidan Garhi Road;-;-;-
Maidan Gari Extension;-;-;-
Main Bazar Road;-;-;-
Main Durga Puri;-;-;-
Main Gopal Nagar Road;-;-;-
Main High Street;-;-;-
Main Market Road;-;-;-
Main Road F Pocket;-;-;-
Main Sagarpur;-;-;-
Main Sainik Enclave Road;-;-;-
Majlish Park;-;-;-
Majnu Ka Tilla;-;-;-
Major Bhola Nath Colony;-;-;-
Major Bhupinder Singh Nagar;-;-;-
Major District Road 123;-;-;-
Makanpur Colony;-;-;-
Maksudabad Colony;-;-;-
Malka Ganj Road;-;-;-
Malviya Nagar Delhi Metropolitan Area;-;-;-
Malviya Nagar Inner Lane;-;-;-
Malviya Nagar Road;-;-;-
Malviya Nagar Savitri Nagar;-;-;-
Manak Vihar;-;-;-
Manakpura;-;-;-
Manas Kunj New Uttam Nagar;-;-;-
Manas Kunj Road;-;-;-
manaskunj;-;-;-
Mandawali Main Road;-;-;-
Mandi Road;-;-;-
Mandir Wali Gali;-;-;-
Mandoli Extension;-;-;-
Mangal Apartment;-;-;-
Mangal Bazaar Road;-;-;-
Mangal Bazar Road;-;-;-
Mangalam Place;-;-;-
Mangalpuri I;-;-;-
Manglapuri Village;-;-;-
Mangol Pur Kalan;-;-;-
Mangolpuri H Block;-;-;-
Manohar Nagar;-;-;-
Mansa Ram Park park Path;-;-;-
Mansarovar Park;-;-;-
Mansi Vihar;-;-;-
Mansingh Nagar;-;-;-
Mansingh road;-;-;-
Marium Nagar;-;-;-
Masair Garden;-;-;-
Masihgarh;-;-;-
Masjid moth;-;-;22.1%
Masjid Moth Phase 2;-;-;-
Masjid Moth Phase I;-;-;-
Masjid Moth Road;-;-;-
Masudabad;-;-;-
Masudpur Village;-;-;-
Mata Rameshwari Nehru Nagar;-;-;-
Mathura Road;-;-;-
Mathura Road  Jasola;-;-;-
Mathura Road New Friends Colony;-;-;-
Matiala Extension;-;-;-
Matiala Extn;-;-;-
Matiala Nanhe Park;-;-;-
Maujpur;-;-;-
Maulana Azad Medical College Campus;-;-;-
Maurice Nagar;-;-;-
Mausam Vihar;-;-;-
Mawai Village;-;-;-
Maya Enclave;-;-;-
Mayapuri Industrial Area II;-;-;-
Mayapuri Industrial Area Phase I;-;-;-
Mayapuri Industrial Area Phase II;-;-;-
Mayapuri Phase II New Delhi;-;-;-
Mayfair Gardens;-;-;-
Mayur Vihar 2 Phase;-;-;9.1%
Mayur Vihar I;-;-;-16.3%
Mayur Vihar I ext;-;-;-
Mayur Vihar III;-;-;-17.1%
Mayur Vihar Phase 1 Kotla;-;-;-
Mayur Vihar Phase 2 Pocket F;-;-;-
Mayur Vihar Phase II;-;-;-
Mayur Vihar Phase1;-;-;-
Mayur Vihar Phase3 Main Road;-;-;-
Mayur Vihar Pocket D;-;-;-
Mayur Vihar Pocket F;-;-;-
MBS Nagar Block WZ;-;-;-
MBS Nagar Road;-;-;-
Meera Kunj;-;-;-
Mehrauli Village;-;-;-
MG Road Ghitorni;-;-;-
Mianwali Nagar Peera Garhi;-;-;-
Milakpur Kohi Rangpuri;-;-;-
Milan Vihar;-;-;-
Milap Nagar;-;-;-
Milap Nagar Main;-;-;-
Mini Market;-;-;-
Minto Road Complex;-;-;-
Mitraon;-;-;-
MMTC Colony;-;-;-
Model Town Phase I;-;-;-
Model Town Phase-1;-;-;-
Model Town Phase-2;-;-;-
Model Town Phase-3;-;-;-
Model Town Phase2;-;-;-
Model Town Phase3;-;-;-
Modi Mill Footover Bridge;-;-;-
Mohammadpur;-;-;-
Mohan Block;-;-;-
Mohan Park;-;-;-
Mohanpuri Vijay Park;-;-;-
Mohit Nagar;-;-;-
Mool Chand Hospital;-;-;-
Mori Gate;-;-;-
Mother Dairy;-;-;-
Mother Dairy Plant;-;-;-
Mother Teresa Drive;-;-;-
Moti Bagh Industrial Area;-;-;-
Moti Bagh South;-;-;-
Moti Ram Road;-;-;-
Motia Khan;-;-;1.5%
Mount Kailash Apartment;-;-;3.4%
Mubarak Pur;-;-;-
Mubarakpur Dabas;-;-;-
Mubarkpur;-;-;-
Mukerjee Park;-;-;-
Mukerjee Park Chaukhandi;-;-;-
Mukherjee Nagar;-;-;-
Mukherjee Park Extension;-;-;-
Mukherji Park New Delhi;-;-;-
Mukhmelpur Village;-;-;-
Mukhram Garden;-;-;-
Mukund Pur Part II;-;-;-
Mukund Vihar Road;-;-;-
Multan Mohalla;-;-;-
Muncipal Corporation Of Delhi Colony;-;-;-
Mundhela Khurd;-;-;-
Munirka Flyover;-;-;-
Munirka Kunj Main Road;-;-;-
Munirka Marg;-;-;-
Munirka Street;-;-;-
Munirka Vihar;-;-;-5%
Muradi Road;-;-;-
Mustafabad Extension;-;-;-
Mustafabad Extn;-;-;-
Nabi Karim;-;-;-
Nagli Vihar Extn I;-;-;-
Naharpur Village;-;-;-
Nai Sarak;-;-;-
Nai Walan;-;-;-
Najafgarh Dauralla Road;-;-;-
Najafgarh Extension;-;-;-
Najafgarh Kapashera Road;-;-;-
Najafgarh Nangloi Road;-;-;-
Namdhari Colony;-;-;-
Nanak Pura;-;-;-
Nanakpura;-;-;-
Nand Nagri;-;-;-
Nand Ram Park;-;-;-
Nand Ram Park Delhi;-;-;-
Nand Ram Park Uttam Nagar;-;-;-
Nand Vihar;-;-;-
Nanda Road;-;-;-
Nangal Dewat Road;-;-;-
Nangli Poona;-;-;-
Nangli Puna;-;-;-
Nangli Vihar;-;-;-
Nangli Vihar Extension;-;-;-
Nangloi Extension;-;-;-
Nangloi Saiyed Village;-;-;-
Nanhey Park;-;-;-
Nanhey Park New Delhi;-;-;-
Nanhey Park Om Vihar;-;-;-
Nankheri;-;-;-
Naradana;-;-;-
Narain Vihar;-;-;-
Naraina Vihar;-;-;-
Narang Colony;-;-;-
Narayan Nagar;-;-;-
Narmada Apartments;-;-;-
Narwana Rd;-;-;-
Narwana Road;-;-;-
Nasirpur Extn;-;-;-
Nathu Colony;-;-;-
Nathupur Road;-;-;-
Nathupura;-;-;-
National Highway 19;-;-;-
National Highway 48;-;-;-
National Market;-;-;-
National Park;-;-;-
Nauroji Nagar;-;-;-
Nav Bharat Appartements;-;-;-
Naveen Kunj Society;-;-;-
Navin Shahdara;-;-;-53.3%
Navjivan Buddh Vihar;-;-;-
navkarali sec 3;-;-;-
Navyug Adarsh Apartment;-;-;-
Nawada Majra Village;-;-;-
Nawada Sainik Nagar;-;-;-
Nawada Shyam Park;-;-;-
Naya Bans;-;-;-
Nayak Pura;-;-;-
Nayaya Marg;-;-;-
Nazarbagh;-;-;-
NCERT Campus;-;-;-
NDPL Colony;-;-;-
NEAR BY IGI AIRPORT;-;-;-
Near Dwarka sec 21 metro station;-;-;-
Near hero moto corp;-;-;-
Near Janakpuri;-;-;-
Near NSP gopal mandir city park;-;-;-
Near Sector 1;-;-;-
Near Sector 14 Redisson blue;-;-;-
Neb Valley;-;-;-
Neelam Vihar Society Sector 14;-;-;-
Nehru Enclave;-;-;-12.5%
Nehru Enclave C Block Kalkaji Road;-;-;-
Nehru Enclave East;-;-;-
Nehru Gali;-;-;-
Nehru Nagar Footover Bridge;-;-;-
Nehru Place Pedestrian Subway;-;-;-
Nelson Mandela Marg;-;-;-
Nepali Mandir Road;-;-;-
Netaji Nagar;-;-;-
Netaji Subash Marg;-;-;-
Netaji Subhash Place;-;-;671.4%
New Aruna Nagar;-;-;-
New Ashok Nagar Block E;-;-;-
New Ashok Nagar near metro;-;-;-
New Ashok Nagar Road;-;-;-
New Basti;-;-;-
New Brij Puri;-;-;-
New Chauhanpur;-;-;-
New Colony;-;-;-
New Colony Khirki Extension;-;-;-
New Delhi Main Road;-;-;-
NEW DEPLOMATICE EMBASSY;-;-;-
New Embessy;-;-;-
New Gopal Nagar;-;-;-
New Govindpura;-;-;-
New Gupta Colony;-;-;-
New Guru Hari Kishan Nagar;-;-;-
New Jaffrabad;-;-;-
New Jagat Puri Extension;-;-;-
New Kondli;-;-;-
New Kondli Road;-;-;-
New Lahore Munshi Colony;-;-;-
New Layal Pur;-;-;-
New Layal Pur Colony;-;-;-
New Mahavir Nagar;-;-;-
New Moti Nagar;-;-;-1.4%
New Multan Nagar;-;-;-
New Palam Vihar Block T;-;-;-
New Patel Nagar;-;-;-
New Patpar Ganj Road;-;-;-
New Pragatesheel Apartment;-;-;-
New Rajdhani Enclave;-;-;-
New Ranjeet Nagar;-;-;-
New Ranjit Colony;-;-;-
New Rohtak Road;-;-;-
New Roshan Pura Extn;-;-;-
New Sabhapur Karwal Nagar;-;-;-
New Seelampur;-;-;-
New Seelampur I;-;-;-
New Shabhapur Gujran;-;-;-
New Simapuri;-;-;-
New Usmanpur;-;-;-
New Uttam Nagar;-;-;-
NH 1;-;-;-8.5%
NH8 Toll booth;-;-;-
Nicholson Road;-;-;-
Nihal Vihar Delhi;-;-;-
Nikhil Vihar;-;-;-
Nikhil Vihar Colony;-;-;-
Nilothi Extn;-;-;-
Nilothi Road;-;-;-
Nimri Colony;-;-;-
Nipccd Campus;-;-;-
Niranjan Park;-;-;-
Nirankari Colony;-;-;-
Nishat Park;-;-;-
Niti Vihar;-;-;-
Nivedita Kunj;-;-;-
Nizamuddin;-;-;-
Noida Link Road;-;-;-
Noida Road;-;-;-
Noida Sector 52;-;-;-
Noor Nagar;-;-;-
Noor Nagar Extn I;-;-;-
North Block Road;-;-;-
North Campus;-;-;95.2%
North Chhajupur;-;-;-
North Ex Model Town;-;-;-
Northern Peripheral Road;-;-;-
NPL Staff Quarters;-;-;-
NRI Colony;-;-;-
NRI Colony New Delhi;-;-;-
Nursigh Garden Block A;-;-;-
O l d Palam Road;-;-;-
O l d R K Ashram Marg;-;-;-
Okhla Disposal Area;-;-;-
okhla estate;-;-;-
Okhla Estate Marg;-;-;-
okhla estate modi mill;-;-;-
Okhla Head Road;-;-;-
Okhla I;-;-;-
Okhla Industrial Estate Phase 3 Road;-;-;-
Okhla Phase II;-;-;-
Okhla Phase III;-;-;-
Okhla Road;-;-;-
Okhla Sabzi Mandi;-;-;-
Okhla Vihar Block A;-;-;-
Okhla Vihar Block C;-;-;-
Old Dariya Ganj;-;-;-
Old Delhi Gurgaon Road;-;-;22.9%
Old Gupta Colony;-;-;-
Old Janki Puri;-;-;-
Old Khaira Road;-;-;-
Old M B Road;-;-;-
Old Mahavir Nagar;-;-;-
Old Mustafabad;-;-;-
Old Palam Road;-;-;-
Old Rajinder Market;-;-;-
Old Ranjeet Nagar;-;-;-
Old Roshanpura Delhi;-;-;-
Old Sabji Mandi;-;-;-
Old Sahib Pura;-;-;-
Old Som Bazar Road;-;-;-
Oldanpur;-;-;-
Om Vihar Extension Om Vihar;-;-;-
Om Vihar Extn;-;-;-
Om Vihar Extn Delhi;-;-;-
Om Vihar Extn Om Vihar;-;-;-
Om Vihar Link Road;-;-;-
Om Vihar Phase 1 Road;-;-;-
Om Vihar Phase 3;-;-;-
Om Vihar Phase 4;-;-;-
Omar Masjid Road;-;-;-
Onkar Nagar;-;-;-
Osho Drive;-;-;-
Osho Drive Sultanpur Mandi Road;-;-;-
Other;-;-;-
Outer Ring Road;-;-;-
Outram Line;-;-;-
Outram Lines;-;-;-
Outram Lines Road;-;-;-
Paathshala Marg;-;-;-
Padhan Enclave;-;-;-
Padmini Enclave;-;-;-
Pahari Dhiraj;-;-;-
Paharwa Colony;-;-;-
Pai Walan;-;-;-
Palam Colony Raj Nagar 1;-;-;-
Palam Dabri Marg;-;-;-
Palam Dabri Road;-;-;-
Palam Enclave;-;-;-8.4%
Palam Extension;-;-;-7%
Palam Metro Road;-;-;-
Palam Vihar;-;-;-
Pali Factory Road;-;-;-
Palika Bazar;-;-;-
Panchkuia Road;-;-;-
Panchkulan Road;-;-;-
Panchsheel;-;-;8.3%
Panchsheel Garden;-;-;-
Panchsheel Garden Naveen Shahdara;-;-;-
Panchsheel Marg;-;-;-
Panchsheel Park Block N;-;-;-
Panchsheel Park North;-;-;-
Panchsheel Park South;-;-;-
Panchwathi;-;-;-
Pandara Road;-;-;-
Pandav Nagar Main Road;-;-;-
Pandit Deen Dayal Upadhyaya Marg;-;-;-
Pandit Park;-;-;-
pandwala kalai schools;-;-;-
Pandwala Kalan Road;-;-;-
Pandwala khurd;-;-;-
Pandwalan Khurd;-;-;-
Pankha Road;-;-;-
Pansali Village;-;-;-
Pant Nagar;-;-;-
Papankalan;-;-;-
Paprawat;-;-;-
Paprawat Village;-;-;-
Park End;-;-;-
Park Facing;-;-;-
Parliament Street;-;-;-
Parmanand Colony West;-;-;-
Part 1;-;-;-
Part 1;-;-;-
Part 2;-;-;-
Part 2;-;-;-
Part 4;-;-;-
Part B;-;-;-
Partap Nagar;-;-;-
Partappura;-;-;-
Paryatan Vihar;-;-;-
Paschim Vihar A1 Block Paschim Vihar;-;-;-
Paschim Vihar Block A 5;-;-;-
Paschim Vihar Block GH 13;-;-;-
Paschim Vihar Extension;-;-;-
Patel Road;-;-;-
Patel Vihar Shiv Vihar;-;-;-
Pathan Pura;-;-;-
Patpar Ganj Road;-;-;-
Patparganj Road;-;-;-
Paul Colony;-;-;-
PD Block Delhi;-;-;-
Pedestrian Underpass;-;-;-
Peepal Wala Road;-;-;-
Peer Baba Road;-;-;-
Pervesh Nagar;-;-;-
Phase 1;-;-;-
Phase 1;-;-;-
Phase 1;-;-;-
Phase 1;-;-;-
Phase 1;-;-;-
Phase 1;-;-;-
Phase 1;-;-;-
Phase 1 Om Vihar;-;-;-
Phase 1 Om Vihar Road;-;-;-
Phase 2;-;-;-
Phase 2 Chattarpur Enclave;-;-;-
Phase 3;-;-;-
Phase 3;-;-;-
Phase 3;-;-;-
Phase 3 Ashok Vihar;-;-;-
Phase 3 Mayur Vihar;-;-;-
Phase 4;-;-;-
Phase 5;-;-;-
Phase 5 Om Vihar;-;-;-
Phase 6 Aya Nagar Extension;-;-;-
Phase I;-;-;-
Phase I;-;-;-
Phase II;-;-;-
Phase II;-;-;-
Phase II Vijay Vihar Vijay Vihar;-;-;-
Phase V;-;-;-
Phase V Nai Dilli;-;-;-
PI Delhi;-;-;-
Pilanji;-;-;-
Pind Wala Khurd Village;-;-;-
Pink Apartments;-;-;-
Pipal Wala Road;-;-;-
Pira Garhi;-;-;-
Pitam Pura KU Block;-;-;-
Pitampura Block KD;-;-;-
Pitampura Block TU;-;-;-
Pitampura BU Block;-;-;-
Pitampura near NSP;-;-;62%
Pitampura PD Block;-;-;-
Pitampura Vaishali;-;-;-
Plot Alpha Sahibabad Industrial Area Site 4;-;-;-
Plot No 2 Gali No 2 Rajpur Extension;-;-;-
Plot Number 27;-;-;-
Pocket 1 Sector 14;-;-;-
Pocket 1 Sector 25;-;-;-
Pocket 1 Sector B;-;-;-
Pocket 1 Sector C;-;-;-
Pocket 1 Sector D;-;-;-
Pocket 10 Sector 20;-;-;-
Pocket 10 Sector B;-;-;-
Pocket 10 Sector I;-;-;-
Pocket 10B;-;-;-
Pocket 11 Sector B;-;-;-
Pocket 11 Sector24;-;-;-
Pocket 12;-;-;-
Pocket 12 Sector 20;-;-;-
Pocket 13 Sector 20;-;-;-
Pocket 15 Sector24;-;-;-
Pocket 16 Sector24;-;-;-
Pocket 17 Sector24;-;-;-
Pocket 19 Sector24;-;-;-
Pocket 2 Sector 11 Dwarka;-;-;-
Pocket 2 Sector 6;-;-;-
Pocket 2 Sector 6 Dwarka;-;-;-
Pocket 2 Sector D;-;-;-
Pocket 4 Sector C;-;-;-
Pocket 4 Sector24;-;-;-
Pocket 5;-;-;-
Pocket 5 Sector C;-;-;-
Pocket 5 Sector24;-;-;-
Pocket 52;-;-;-
Pocket 52 Sector 9;-;-;-
Pocket 6 Sector 2;-;-;-
Pocket 6 Sector C;-;-;-
Pocket 6 Sector D;-;-;-
Pocket 6 Sector24;-;-;-
Pocket 7 Dwarka Sector 12;-;-;-
Pocket 7 Sector D;-;-;-
Pocket 7 Sector24;-;-;-
Pocket 8 Sector C;-;-;-
Pocket 8 Sector D;-;-;-
Pocket 8 Sector24;-;-;-
Pocket 9;-;-;-
Pocket 9 Sector 21;-;-;-
Pocket 9 Sector B;-;-;-
Pocket 9 Sector C;-;-;-
Pocket A 1;-;-;-
Pocket A Sector 17;-;-;-
Pocket A SectorA;-;-;-
Pocket B;-;-;-
Pocket B and C;-;-;-
Pocket B Sukhdev Vihar;-;-;-
Pocket BC SectorA;-;-;-
Pocket C SectorA;-;-;-
Pocket DG 2;-;-;-
Pocket GH2 District Park;-;-;-
Pocket I Road;-;-;-
Pocket K;-;-;-
Pocket1 Sector24;-;-;-
Pocket2 Sector24;-;-;-
Pocket3 Sector24;-;-;-
Police Colony;-;-;-
Police Colony;-;-;-
Police Colony;-;-;-
Police Colony;-;-;-
Police Colony Pocket J;-;-;-
Police Lines;-;-;-
Polo Garden Road;-;-;-
Pontoon Bridge;-;-;-
Poorti Apartments;-;-;-
Poorvi Marg;-;-;-
Poorvi Shalimar Bagh;-;-;-
Pooth Kalan;-;-;-
Possangipur;-;-;-
Pragati Maidan;-;-;-
Pragati Vihar;-;-;-
Prakash Vihar;-;-;-
Prasad Nagar;-;-;-
Prashant Vihar Road;-;-;-
Pratap Enclave;-;-;-
Pratap Khand;-;-;-
Pratap Vihar;-;-;-
Pratap Vihar Part III;-;-;-
Pratap Vihar Part III Delhi;-;-;-
Prem Nagar II;-;-;-
Prem Nagar III;-;-;-
Prem Narain Road;-;-;-
Prem Vihar;-;-;-
Prem Vihar 3A Colony;-;-;-
Press Colony;-;-;-
Press Enclave;-;-;-
Press Enclave Marg;-;-;-
Prime Chowk;-;-;-
Prithvi Park;-;-;-
Private Colony;-;-;-
Priya Priyadarshini Vihar;-;-;-
Priyadarshini Vihar;-;-;305%
Priyadarshini Vihar Priya Priyadarshini Vihar;-;-;-
Pundrik Vihar;-;-;-
Punjabi Bagh Apartment;-;-;-
Punjabi Bagh Bhagwan Das Nagar;-;-;-
Punjabi Bagh Cooperative Housing Soceity;-;-;-
Punjabi Bagh Enclave;-;-;-
Punjabi Bagh Manohar Park;-;-;-
Punjabi Basti;-;-;-
Punjabi Market Road;-;-;-
Pusa Institute;-;-;-
Pusa Road;-;-;-
Pushkar Enclave;-;-;-
Pushpanjali Enclave;-;-;-
Pushta Road;-;-;-
Pusta Number 2;-;-;-
Qazi ka Bagh Desu Colony;-;-;-
QU Block Uttari Pitampura;-;-;-
Qutub Enclave;-;-;-
Qutub Intl Area;-;-;-
Qutub Minar Complex Road;-;-;-
Qutub Minar Metro Station;-;-;-
Qutub Vihar Phase 2;-;-;-
R a m a Park Road;-;-;-
R a m Nagar Road;-;-;-
R D apartment;-;-;-
R K Puram;-;-;-
R K Puram Sector 9 Road;-;-;-
Rabindra Nagar;-;-;-
Race Course Road;-;-;-
Radhe Mohan Drive;-;-;-
Radhey Shyam Park;-;-;-
Radhey Shyam Park Extension;-;-;-
Radhu Place;-;-;-
Rahul Garden;-;-;-
Rail Vihar;-;-;-
Railway Colony;-;-;-
Railway Colony North;-;-;-
Railway Factory Road;-;-;-
Raj Nagar;-;-;-
Raj Nagar I;-;-;-
Raj Nagar Part 2;-;-;36.8%
raj nager;-;-;-31.7%
raj vihar sector 18;-;-;-
Raja Park;-;-;-
Rajan Enclave;-;-;-
Rajapuri East;-;-;-
Rajapuri East Uttam Nagar;-;-;-
Rajasthan Udyog Nagar;-;-;-
Rajbir Colony;-;-;-
Rajdhani Enclave;-;-;-
Rajdoot Marg;-;-;-
Rajeev Colony;-;-;-
Rajeev Nagar;-;-;-
Rajender Nagar Part 1;-;-;-
Rajendra Park;-;-;-
Rajendra Park Extension;-;-;-
Rajgarh Colony;-;-;-
Rajgarh Colony Delhi;-;-;-
Rajhans Vihar;-;-;-
Rajiv Chowk;-;-;-
Rajiv Nagar;-;-;-
Rajiv Nagar Extension;-;-;-
Rajiv Nagar Extension Delhi;-;-;-
Rajiv Park;-;-;-
Rajokri Village;-;-;-
Rajouri Garden Extension;-;-;-
Rajpur Khurd Extension;-;-;74.4%
Rajpur Khurd Village;-;-;-
Rajpur Khurd Village Mahavir Campus;-;-;-
Rajpur Road;-;-;-
Rajpura;-;-;-
rajput sec 12;-;-;-
Raju Enclave;-;-;-
Raju Enclave Sector 15 Dwarka;-;-;-
Raju Extension;-;-;-
Ram Bagh;-;-;-
Ram Colony;-;-;-
Ram Colony Chattarpur;-;-;-
Ram Datt Enclave;-;-;-
Ram Garh;-;-;-
Ram Kumar Marg;-;-;-
Ram Nagar;-;-;-
Ram Nagar Block A;-;-;-
Ram Nagar Extension;-;-;-
Ram Nagar Market;-;-;-
Ram Nagar Road;-;-;-
Ram Prastha Colony;-;-;-
Ram Swaroop Vidyarthi Marg;-;-;-
Rama Enclave;-;-;-
Rama Garden;-;-;-
Rama Nagar;-;-;-
Rama Vihar;-;-;-
Rama Vihar Block E;-;-;-
Rama Vihar Sector 39;-;-;-
RamaKrishna Ashram Marg;-;-;-
Ramchander Enclave;-;-;-
Ramchander Enclave I & II;-;-;-
Ramesh Nagar raja garden bali nagar;-;-;-
Ramesh Nagar Road;-;-;-
Ramesh Park K Block Road;-;-;-
Ramesh Park L Block Road;-;-;-
Ramesh Park Street Number 10;-;-;-
Ramesh Park Street Number 11;-;-;-
Ramnagar New Delhi;-;-;-
Ramphal Chowk Road;-;-;-
Rampura Marg;-;-;-
Rampuri;-;-;-
Rampuri Kalkaji;-;-;-
Ramzanpur;-;-;-
Rangpuri Nallapar;-;-;-
Rangpuri Pahari;-;-;-
Ranhola;-;-;-
Ranhola Extesion;-;-;-
Rani Bagh Road;-;-;-
Rani Garden Delhi;-;-;-
Rani Jhansi Road;-;-;-
Ranjeet Vihar;-;-;-
Ranjit Vihar I;-;-;-
Ranjit ViharI Delhi;-;-;1.5%
Ratan Lal Market;-;-;-
Ratan Park;-;-;-
Ratan Vihar;-;-;-
Ratiya Marg;-;-;-
RBI Colony;-;-;-
RBI Officers Colony;-;-;-
RC BastiBlock WZ;-;-;-
Red Cross Road;-;-;-
Regarpura;-;-;-
Rentz Place;-;-;-
Reserve Bank Colony Block BE;-;-;-
Reserve Bank Enclave;-;-;-
Residencial Property;-;-;-
Residentiail Flat Shahdara;-;-;-
Residential Complex;-;-;-
Residential Flat Barakhamba Road;-;-;-
Residential Flat Dharam Pura;-;-;-
Residential Flat East of Kailash;-;-;-
Residential Flat Laxmi Nagar;-;-;-
Residential Flat Loni;-;-;-
Residential Flat Malviya Nagar Extension;-;-;-
Residential Flat Mehrauli;-;-;-
Residential Flat Pocket A;-;-;-
Residential Flat Pocket D;-;-;-
Residential Flat Raghubir Nagar;-;-;-
Residential Flat Rohini;-;-;-
Residential Flat Uttam Nagar;-;-;-
Residential FlatBhola Nath Nagar;-;-;-
Residential FlatDharmpura;-;-;-
Residential FlatGreen Park;-;-;-
Residential FlatHauz Khas;-;-;-
Residential FlatRajouri Garden;-;-;-
Residential FlatSeelamPur;-;-;-
Residential FlatShakurbasti;-;-;-
Residential FlatSiddhi Pura;-;-;-
Residential FlatVasant Vihar;-;-;-
Residential Floor Drayaganj;-;-;-
Residential Floor East Ram Nagar;-;-;-
Residential Floor Greater Kailash;-;-;-
Residential Floor Om Vihar;-;-;-
Residential Floor Panchsheel Park;-;-;-
Residential Floor Ram Nagar;-;-;-
Residential Floor Safdarjung Enclave;-;-;-
Residential Floor Shahdara;-;-;-
Residential Floor Tilak Nagar;-;-;-
Residential Floor Uttam Nagar;-;-;-
Residential FloorBlockA sector;-;-;-
Residential FloorPaschim Vihar;-;-;-
Residential Floorsector;-;-;-
Residential House New Delhi;-;-;-
Residential House Preet Vihar;-;-;-
Residential House Uttam Nagar;-;-;-
Residential HouseChittaranjan Park;-;-;-
Residential HouseGhondli;-;-;-
Residential HousePunjabi Bagh Extension;-;-;-
Residential Independent HouseRajouri Garden;-;-;-
Residential Open Plot Seelampur;-;-;-
Revanta Smart Residency L Zone Delhi Dwarka;-;-;-
Rewla Khanpur;-;-;-
Ring Road  Lajpat Nagar;-;-;-
Ring Road Model Town;-;-;-
Rishabh Park;-;-;-
Rishi Nagar;-;-;-
Rishi Nagar;-;-;-
Rithala Road;-;-;-
Road Leading to Mehrauli Market;-;-;-
Road No 28;-;-;-
Road Number 1;-;-;-
Road Number 20;-;-;-
Road Number 8;-;-;-
Rocky Area;-;-;-
Rohini Avantika;-;-;-
Rohini Jain Nagar;-;-;-
Rohini Mangalam Place;-;-;-
Rohini Rajeev Nagar;-;-;-
Rohini sector 23 Road;-;-;-
Rohini Sector 8 Road;-;-;-
Rohini Vijay Vihar;-;-;-
Rohit Kunj;-;-;-
Rohit Kunj Delhi;-;-;-
Rohit Kunj Sandesh Vihar;-;-;-
Rohitash Nagar East;-;-;-
Rohtash Nagar;-;-;-
Roopam Wala Kunwa;-;-;-
Roshan Garden;-;-;-
Roshan Vihar 1;-;-;-
Roshanara Road;-;-;-
RPS Colony;-;-;-
RST Enclave;-;-;-
Ruchi Vihar;-;-;-
Rupali Enclave;-;-;-
RWA Colony;-;-;-
S block;-;-;-
S Block Road;-;-;-
S D A;-;-;-46.1%
S D A New;-;-;-
S i r i Fort Road;-;-;-
S L Grover Marg;-;-;-
S S Mota Singh Marg;-;-;-
Sabhapur;-;-;-
Saboli Extension;-;-;-
Sabzi Mandi;-;-;-
Sabzi Mandi;-;-;-
Sadar Bazar;-;-;-
Sadar Thana Road;-;-;-
Sadatpur;-;-;-
Sadatpur Extension;-;-;-
Sadh Nagar;-;-;2.4%
Sadh Nagar Palam Colony;-;-;-
Sadhna Enclave;-;-;-
Sadulajab;-;-;-12.5%
Sagarpur East;-;-;-
Sagarpur Palam Road;-;-;-
Saharanpur Delhi Road;-;-;-
Sai Baba Encl.;-;-;-
Sai Niwara Bharat Vihar;-;-;-
Saidabad;-;-;-
Saidujab extension;-;-;-11.6%
Saini Enclave;-;-;-
Saini Enclave Delhi;-;-;-
Saini Enclave Karkardooma;-;-;-
Sainik Nagar;-;-;15.9%
Sainik Nagar Vipin Garden;-;-;-
Saint Nagar Delhi;-;-;-
Saiyad Ul Ajaib;-;-;-
Saiyad Ul Ajaib Village;-;-;-
Sakdarpur;-;-;-
Saket Sports Complex Road;-;-;-
Salempur Majra;-;-;-
Samalka;-;-;-
Samashpur Khalsa;-;-;-
Samaspur Road;-;-;-
Samaspur Village;-;-;-
Samman Bazar Bhogal;-;-;-
Sampla Sonepat Road;-;-;-
Samta Enclave;-;-;-
Sanjay Enclave;-;-;-
Sankar Nagar;-;-;-
SANMATI APARTMENT;-;-;-
Sanoth;-;-;-
Sansad Marg Area;-;-;-
Sanskrit Nagar Society Sector 14;-;-;-
Sant Mohalla;-;-;-
Sant Nagar Extension Delhi;-;-;-
Sant Nagar Marg;-;-;-
Santgarh;-;-;-
Sanwal Nagar;-;-;-
Sarai Jullena;-;-;-
Sarai Kale Khan;-;-;-
Sarai Khawaja Road;-;-;-
Sarai Pipal Thala Village;-;-;-
Sarangpur;-;-;-
Saraswati Gali;-;-;-
Saraswati Garden;-;-;-
Saraswati Road;-;-;-
Sardar Patel Enclave;-;-;-
Sardar Patel Marg;-;-;-
Sarojini Nagar;-;-;-
Sarojini Nagar Market;-;-;-
Sarojini Park;-;-;-
Saroop Nagar;-;-;-
Sarswati Enclave;-;-;-
sarswativihar kohat nsp lokvih;-;-;-
Saryoda Apartment sec 12 pocket 8;-;-;-
Sat Nagar;-;-;-
Satguru Ram Singh Marg;-;-;-
Satvari Ansals Villa;-;-;-
Satya Niketan;-;-;-
Satya Sadan;-;-;-
Satya Vihar New Delhi;-;-;-
Satyam Puram Colony;-;-;-
Satyawati Colony;-;-;-
Satyawati Colony;-;-;-
Sawda;-;-;-
Sawroop Nagar;-;-;-
SBI Colony;-;-;-
SBlock Gali;-;-;-
School Lane;-;-;-
sec 13;-;-;-
sec 18 b;-;-;-7.7%
sec 2 npsc apt;-;-;-
sec 4;-;-;-
sec 5;-;-;-
sec 6 bridavan apt;-;-;-
sec 6 katyani apt;-;-;-
Sec 6 Market;-;-;-
SEC 6 POCKET 1;-;-;-
sec14 lig;-;-;-
sec18 atulya apt;-;-;-
Second Avenue;-;-;-
Sector 1;-;-;5.1%
Sector 1 Delhi;-;-;-
Sector 1 pkt 1;-;-;-
Sector 10;-;-;-10.7%
Sector 10 Pocket 1;-;-;-
Sector 10 Rohini;-;-;-
Sector 10 Rohini;-;-;-
Sector 103;-;-;-
Sector 108;-;-;-
Sector 11;-;-;12.4%
Sector 11 Dwarka Pocket 2;-;-;-3.2%
Sector 110;-;-;-
Sector 111;-;-;-
Sector 112;-;-;-
Sector 113;-;-;-
Sector 11A;-;-;-
Sector 11B;-;-;-
Sector 11C;-;-;-
Sector 11D;-;-;-
Sector 11E;-;-;-
Sector 11F;-;-;-
Sector 11G;-;-;-
Sector 12;-;-;5.6%
Sector 12 Dwarka New Delhi;-;-;23.4%
Sector 12 Dwarka Pocket 2;-;-;-
Sector 12 Dwarka Pocket 3;-;-;-
sector 12 pkt 3;-;-;-
Sector 12 Pocket 7;-;-;-
Sector 12 Rohini;-;-;-
Sector 13;-;-;-10.6%
Sector 13 Main;-;-;-
Sector 13 Main Road;-;-;-
Sector 14;-;-;-5.8%
Sector 15 Dwarka;-;-;-
Sector 15 Dwarka;-;-;18.3%
Sector 15A;-;-;-
Sector 15B;-;-;-
Sector 15C;-;-;-
Sector 15D;-;-;-
Sector 15F;-;-;-
Sector 15G;-;-;-
Sector 16;-;-;-46.3%
Sector 16 Main;-;-;-
Sector 16B;-;-;-
Sector 16C;-;-;-
Sector 16D;-;-;-
Sector 16E;-;-;-
Sector 16F;-;-;-
Sector 16G;-;-;-
Sector 16H;-;-;-
Sector 16I;-;-;-
Sector 17;-;-;-25.5%
Sector 17 Pocket D;-;-;-
Sector 17A;-;-;25.7%
Sector 18;-;-;17.6%
Sector 18 A;-;-;-
SECTOR 18 DWARKA NEW DELHI;-;-;2.3%
sector 18 pkt b;-;-;-
Sector 18 Sector 18A Dwarka;-;-;-
Sector 18B Road;-;-;-
Sector 18C;-;-;-
Sector 18F;-;-;-
Sector 19 Rohini;-;-;33.6%
Sector 19B;-;-;-10.7%
Sector 1A;-;-;-
Sector 1A Dwarka;-;-;-
Sector 2;-;-;-9.4%
Sector 2 Delhi;-;-;-
Sector 20C 1;-;-;-
Sector 21;-;-;-68.5%
Sector 21 Dwarka New Delhi;-;-;-
Sector 21 Road;-;-;-
Sector 21E;-;-;-
Sector 22 Road;-;-;-
Sector 23;-;-;-7.6%
Sector 23 Road;-;-;-
Sector 24;-;-;11.6%
Sector 24 Pocket 11;-;-;-
Sector 25 Dwarka;-;-;-
Sector 27 Rohini;-;-;-
Sector 28;-;-;-36.6%
Sector 29;-;-;-
Sector 29 Dwarka;-;-;-
Sector 3;-;-;-9.8%
Sector 3 Bawana Industrial Area;-;-;-
Sector 3 Pocket 16;-;-;-
Sector 31;-;-;-
Sector 33 Rohini;-;-;-
sector 34;-;-;-
Sector 35;-;-;-
Sector 35 Kharghar;-;-;-
Sector 36;-;-;-
Sector 37;-;-;-
Sector 38 Rohini;-;-;-
Sector 3A;-;-;-
Sector 3B;-;-;-
Sector 3E;-;-;-
Sector 3G;-;-;-
Sector 4;-;-;-7.9%
Sector 4 Road;-;-;-
Sector 41;-;-;-
Sector 42;-;-;-
Sector 43;-;-;-
Sector 44 Delhi;-;-;-
Sector 49;-;-;-
Sector 4A;-;-;-
Sector 4C;-;-;-
Sector 5;-;-;-12.4%
Sector 5 Delhi;-;-;-
Sector 5 Market Pocket 1;-;-;-
Sector 50;-;-;-
Sector 53;-;-;-
Sector 54;-;-;-
Sector 56;-;-;-
Sector 5A;-;-;-
Sector 5B;-;-;-
Sector 5C;-;-;-
Sector 6 Dwarka Palam Vihar;-;-;-
Sector 62;-;-;-
Sector 6A;-;-;-
Sector 6B;-;-;-
Sector 6C;-;-;-
Sector 6D;-;-;-
Sector 7;-;-;-1.2%
Sector 7 Road;-;-;-10.3%
Sector 7 Rohini;-;-;-
Sector 7A;-;-;-
Sector 7B;-;-;-
Sector 7C;-;-;-
Sector 7D;-;-;-
Sector 7H;-;-;-
Sector 8;-;-;12.5%
Sector 8 Dwarka Block B;-;-;-
Sector 8 R K Puram;-;-;-
Sector 8A;-;-;-
Sector 8B;-;-;-
Sector 8C;-;-;-
Sector 8F;-;-;-
Sector 9;-;-;37.9%
sector A 9;-;-;-
Sector A1;-;-;-
Sector A10;-;-;-
Sector A6;-;-;-
Sector A7;-;-;-
Sector B;-;-;-
Sector B 2;-;-;-
Sector B Pocket 10;-;-;-
Sector B Pocket 8;-;-;-
Sector C;-;-;-
Sector C;-;-;-
Sector C Pocket 1;-;-;-
Sector C Pocket 2;-;-;-
Sector C Pocket 5;-;-;-
Sector C Pocket 8;-;-;8.4%
Sector C Pocket 9;-;-;-
Sector C Vasant Kunj;-;-;2.8%
Sector D;-;-;-
Sector D Vasant Kunj;-;-;-
Sector D1;-;-;-
Sector E;-;-;-
Sector E;-;-;-
Sector G;-;-;-
Sector G8 Delhi;-;-;-
Sector Road;-;-;-
Sector-16 Rohini;-;-;-
Sector-18 Rohini;-;-;-22.5%
Sector-19 Rohini;-;-;4.2%
Sector-21 Rohini;-;-;53%
Sector-22 Rohini;-;-;28.8%
Sector-24 Rohini;-;-;-
Sector-28 Rohini;-;-;-26.7%
Sector-A6 Narela;-;-;-
Sector16 Rohini;-;-;-
Sector20 Rohini;-;-;-
Sector24 Pocket 12;-;-;-
Sector24 Pocket 15;-;-;-
Sector28 Rohini;-;-;-
Sector3 Rohini;-;-;-
Sector4pkt 1;-;-;-
Sector8 Rohini;-;-;-
SectorA Vasant Kunj;-;-;-
SectorA6 Narela;-;-;-
Seelampur Colony;-;-;-
Seemapuri;-;-;-
Sersa;-;-;-
Seth Sarai;-;-;-
SFS;-;-;-
Shadi Khampur;-;-;-
Shahabad Muhammadpur;-;-;-
Shahabad Muhammadpur Village;-;-;-
Shahbad Dairy;-;-;-
Shahbad Dairy Delhi;-;-;-
Shahbad Daulatpur Village;-;-;-
shahbad moh pur;-;-;-
Shahi Idgah Colony;-;-;-
Shahid Nagar;-;-;-
Shahpur Jat;-;-;-
Shahpura;-;-;-
Shahzada Bagh;-;-;-
Shakarpur Extension;-;-;-
Shakshar Apartment;-;-;-
Shakti Khand 3;-;-;-
Shakti Nagar Extension;-;-;-
Shakurpur Colony;-;-;-
Shalamar;-;-;-
Shalimar Bagh AG Block;-;-;-
Shalimar Garden Main;-;-;-
Shalimar Garden Main Road;-;-;-
Shalimar Park;-;-;-
Shalimar Place Site;-;-;-
Shalimar Village;-;-;-
Sham Nagar;-;-;-
Sham Nath Marg;-;-;-
Shankar Garden;-;-;-
Shankar Nagar Gali;-;-;-
Shankar Nagar West;-;-;-
Shankar Road;-;-;-
Shankar Vihar;-;-;-
Shankar Vihar;-;-;-
Shankarpura;-;-;-
Shanker Garden;-;-;-
Shanti Kunj;-;-;-
Shanti Kunj Main;-;-;-
Shanti Kunj Main Road;-;-;-
Shanti Mohalla;-;-;-
Shanti Park;-;-;-
Sharda Niketan;-;-;-
Sharda Niketan;-;-;-
Sharma Colony;-;-;-
Sharma Enclave;-;-;-
Shashi Garden;-;-;-
Shastri Nagar Road;-;-;-
Shastri Park;-;-;-
Shayam Street;-;-;-
Sheikh Sarai II;-;-;-4.6%
Sheikh Sarai Inner Lane;-;-;-
Sheikh Sarai Village;-;-;-
Sher Singh Enclave;-;-;-
Shera Mohalla;-;-;-
Sherpur Village;-;-;-
Shiksha Bharti School Road;-;-;-
Shiniwas Puri;-;-;-
Shiv Colony;-;-;-
Shiv Colony New Delhi;-;-;-
Shiv Nagar Bazar Road;-;-;-
Shiv Nagar Extension;-;-;-
Shiv Park;-;-;-
Shiv Park Duggal Colony;-;-;-
Shiv Vihar I;-;-;-
Shiv Vihar VI;-;-;-
Shiva Enclave;-;-;-
Shiva Enclave;-;-;-
Shiva Enclave;-;-;-
Shivaji Marg;-;-;339.9%
Shivaji Nagar;-;-;-
Shivaji Park;-;-;-
SHIVAJI VIHAR;-;-;-
Shivaji Vihar New Delhi;-;-;-
Shivalik Road;-;-;-
Shivam Enclave Colony Road;-;-;-
shivani apparment;-;-;-
Shivani Enclave;-;-;-
Shooting Range Road;-;-;-
Shreshtha Vihar;-;-;-
Shubham Enclave;-;-;-
Shubham Enclave Paschim vihar;-;-;-
Shukar Bazar Road;-;-;-
Shukkar Bazar Road;-;-;-
Shvalik;-;-;-
Shvalik New Delhi;-;-;-
Shyam Enclave;-;-;-
Shyam Kunj;-;-;-
Shyam Park;-;-;-
Shyam Park Delhi;-;-;-
shyam vihar;-;-;-
Shyam Vihar I;-;-;-
Shyam Vihar II;-;-;-
Shyama Prasad Mukherji Marg;-;-;-
Siddhartha Enclave;-;-;-
Sidharth Ext;-;-;-4%
Sidhatri Enclave;-;-;-
Sidipura;-;-;-
Sihv Ram Park;-;-;-
Sikka Shamli District Muzaffarnagar;-;-;-
Silampur;-;-;-
Silver Oaks Avenue;-;-;-
Singhara Chowk;-;-;-
Siri Fort Road;-;-;-
Sirifort Road;-;-;-
Sitapuri Extension Delhi;-;-;-
Sitapuri Extn II;-;-;-
Sitapuri Part 1;-;-;-
Sitapuri Part 2;-;-;-
Slum Area;-;-;-
Soami Nagar North;-;-;-
Soami Nagar South;-;-;-
Solanki Main Road;-;-;-
Solanki Road;-;-;-
Som Bazar Road;-;-;-
Som Vihar;-;-;-
Somesh Vihar;-;-;-
Sonepat;-;-;-
Sonia Vihar Extension;-;-;-
Sonipat Road;-;-;-
South Anarkali Anarkali Colony;-;-;-
South Anarkali Delhi;-;-;-
South Anarkali Extension;-;-;-
South Anarkali New Delhi;-;-;-
South Asia;-;-;-
South Campus;-;-;-
South City 1;-;-;-
South Ex;-;-;168.1%
South Ex II;-;-;110.7%
South Extension;-;-;-
South Extension II;-;-;-
Sri Aurobindo Marg;-;-;-
Sri Chand Park;-;-;-
Sri Chand Park Matiala;-;-;-
Staff Quarters Old JNU Campus;-;-;-
State Bank Colony;-;-;-
State Bank Nagar;-;-;-
Street B8;-;-;-
Street C6;-;-;-
Street Number 12;-;-;-
Street Number 13;-;-;-
Street Number 3;-;-;-
Street Number 4;-;-;-
Street Number 7;-;-;-
Street Number 9;-;-;-
Subash Park New Delhi;-;-;-
Subash Vihar;-;-;-
subhash park;-;-;-
Subhash Park Extn;-;-;-
Subhash Park Extn New Delhi;-;-;-
Subhash Street;-;-;-
Subroto Park;-;-;-
Sudershan Park;-;-;-
Sujan Singh Park;-;-;-
Sukar Bazar Road;-;-;-
Sukh Ram Park;-;-;-
Sukkar Bazar Road;-;-;-
Sultanpur Extension;-;-;-
Sunday Market Road;-;-;-
Sunder Apartments Footbridge;-;-;-
Sunder Nagri;-;-;-
Sunder Park;-;-;-
Supreme Enclave;-;-;-
Surhera;-;-;-
Surya Enclave;-;-;-
Surya Niketan;-;-;-
Sushant Lok Delhi;-;-;-
Sushant Lok Phase 1 Barakhamba;-;-;-
Sushant Vihar;-;-;-
SWAMI DAYANAND APARTMENT;-;-;-
Swami Dayanand Enclave;-;-;-
Swami Shradhanand Marg;-;-;-
Swami Vivekananda Road;-;-;-
Swaran Park;-;-;-
Swarn Jayanti Park;-;-;-
Swaroop Nagar Extension;-;-;-
Swarup Nagar;-;-;-
Swatantra Nagar;-;-;-
Swayamsidha Colony;-;-;-
Syndicate Enclave;-;-;-
T C Raghubir Nagar;-;-;-
Tagore Park;-;-;-
Taimoor Nagar;-;-;-
Taj Enclave;-;-;-
Taj mansingh road;-;-;-
Takshila;-;-;-
Tamilar Enclave;-;-;-
Tank Road;-;-;-
Tarapur;-;-;-
Tayyab Masjid Road;-;-;-
Teacher Colony;-;-;-
Teachers Colony;-;-;-
Teen Murti Marg Area;-;-;-
Tehsil Road;-;-;-
Telibara;-;-;-
Thane Wali Gali;-;-;-
Tihar Jail;-;-;-
Tikona Park Road;-;-;-
Tikri Khurd;-;-;-
Tikri Khurd Village;-;-;-
Tilak Nagar Round About;-;-;-
Tilak Vihar;-;-;-
Tilangpur Kotla;-;-;-
Timar Pur;-;-;-
Timarpur;-;-;-
Tiraha Bairam Khan;-;-;-
Tis Hazari;-;-;-
Titarpur Tagore Garden;-;-;-
Todapur;-;-;-
Todarmal Road;-;-;-
Tolstoy Marg;-;-;-
Tomur Colony;-;-;-
Toot Sarai Road;-;-;-
Tooth Sarai;-;-;-
Town Hall;-;-;-
TRONICA CITY;-;-;-
Tukhmirpur;-;-;-
Tukmirpur;-;-;-
Tunda Nagar;-;-;-
Turkman Gate;-;-;-
Turkmirpur Extn;-;-;-
Tyagi Park;-;-;-
U d a y Shankar Road;-;-;-
Uday Park Bus Stop;-;-;-
Uday Vihar 2;-;-;-
Udyog Vihar Phase l Gurgaon;-;-;-
Ugarsain Park;-;-;-
Ujwa L Zone;-;-;-
Umar Masjid Road;-;-;-
Una Enclave;-;-;-
University Enclave;-;-;-
Upper Anand Parbat;-;-;-
Urban Extension Road II;-;-;-
Uttam Nagar Gulabhi Bagh;-;-;-
Uttam Nagar Indra Park;-;-;-
Uttam Nagar Nawada;-;-;-
Uttam Nagar Subhash Park Extn;-;-;-
V e e r Apartments Road;-;-;-
Vaishali Colony;-;-;-
Valmiki Vihar;-;-;-
Vani Vihar;-;-;-
Vani Vihar Delhi;-;-;-
Vani Vihar Road;-;-;-
Vardhman Plaza;-;-;-
Varun Marg;-;-;-
Varun Niketan;-;-;-
Vasant Enclave Road;-;-;-
Vasant Kunj Bhawani Kunj;-;-;-
Vasant Kunj Marg;-;-;-
vasant kunj masood p;-;-;-
Vasant Kunj Nangal Dewat;-;-;-
Vasant Kunj Pocket 6;-;-;-
Vasant Lok;-;-;-
Vasant Marg;-;-;-
Vasant Vihar C Block;-;-;-
Vashisht Park;-;-;-
Vashist Park;-;-;-
Vasudha Enclave;-;-;-
Vasudha Enclave Sandesh Vihar;-;-;-
Vasundhra CGHS;-;-;-
Vayusenabad;-;-;-
Veer Nagar;-;-;-
VIJAY APARTMENT;-;-;-
vijay apparment sec 18;-;-;-
Vijay Chowk;-;-;-
Vijay Chowk Road;-;-;-
Vijay Mandal Enclave;-;-;-9.8%
Vijay Nagar Road;-;-;-
Vijay Park;-;-;-
Vijay Vihar Phase I;-;-;-
Vikas Kunj;-;-;-
Vikas Lane;-;-;-
Vikas Marg;-;-;-
Vikas Nagar;-;-;-
Vikas Puri Extension Part 1 Delhi;-;-;-
Vikas Vihar;-;-;-
Vikash Marg;-;-;-
Vikash Marg Road;-;-;-
Vikash Nagar Extension;-;-;-
Vikaspuri Flyover;-;-;-
Vikram Enclave;-;-;-
Vikram Vihar;-;-;11.3%
Vikrant Enclave;-;-;-
Vinoba Puri;-;-;-
Vinoba Puri Lajpat Nagar II;-;-;-
